序号,代码,名称,涨跌幅,最新价,成交额,流通市值,总市值,换手率,封板资金,首次封板时间,最后封板时间,炸板次数,涨停统计,连板数,所属行业,date
1,000635,英 力 特,10.060976028442383,7.22,19721517,2648439071.52,2845644707.52,0.7446467876434326,178623435,092500,092500,0,1/1,1,化学原料,20260901
2,000892,欢瑞世纪,10.0,4.73,53749823,3362078342.92,4640037670.400001,1.5987082719802856,552462112,092500,092500,0,2/2,2,影视院线,20260901
3,002084,海鸥住工,10.031347274780273,7.02,601869904,4525333782.84,4535313456.96,13.30001163482666,272354560,092500,092500,0,7/7,7,家居用品,20260901
4,002679,福建金森,9.96592903137207,12.91,75097857,3043609960.0,3043609960.0,2.4673943519592285,362956516,092500,092500,0,3/3,3,林业Ⅱ,20260901
5,003005,竞业达,9.981851577758789,18.18,68010835,2439659191.5,4206646402.38,2.7877187728881836,323188223,092500,092500,0,3/3,3,IT服务Ⅱ,20260901
6,603721,中广天择,10.0,21.01,96585512,2731300000.0,2731300000.0,3.5362470149993896,114685186,092502,092502,0,2/2,2,影视院线,20260901
7,600892,大晟文化,9.954751014709473,4.86,35030880,2718292944.96,2718995973.1200004,1.2887088060379028,116414010,092504,092504,0,2/2,2,游戏Ⅱ,20260901
8,300413,芒果超媒,20.023557662963867,20.38,2435865920,20822245144.039997,38125290230.08,11.726884841918945,517036564,093000,102100,1,2/2,2,数字媒体,20260901
9,600540,新赛股份,10.071942329406738,6.12,395082784,3558026995.2000003,3558026995.2000003,11.113834381103516,239674671,093000,093000,0,4/4,4,种植业,20260901
10,002855,捷荣技术,10.0,17.71,427264304,4360684278.72,4364092568.22,9.843914985656738,91741342,093006,095815,5,6/6,6,消费电子,20260901
11,002295,精艺股份,10.051814079284668,10.62,222057243,2659533943.5,2661541920.0,8.430362701416016,105760332,093015,103224,3,1/1,1,工业金属,20260901
12,603980,吉华集团,10.0,7.92,363538128,5360520211.2,5360520211.2,6.82391881942749,131564030,093035,100317,1,1/1,1,化学制品,20260901
13,603533,掌阅科技,10.004426956176758,24.85,1163238112,10906586349.75,10906586275.2,10.704561233520508,94507035,093036,102418,3,2/2,2,数字媒体,20260901
14,605577,龙版传媒,9.98116683959961,11.68,291640688,5191111117.599999,5191111152.64,5.656306743621826,50580240,093037,094334,4,2/2,2,出版,20260901
15,600551,时代出版,10.060606002807617,9.08,954883456,6156741570.12,6156741506.56,15.654075622558594,60936606,093045,102833,9,3/3,3,出版,20260901
16,603221,爱丽家居,10.01080322265625,30.55,257233117,7401348500.0,7401348500.0,3.5106096267700195,90656972,093104,093131,1,23/13,1,家居用品,20260901
17,002425,凯撒文化,10.091742515563965,3.6,354280480,3312669322.8,3443994259.2000003,10.893528938293457,148126010,093112,110012,1,1/1,1,游戏Ⅱ,20260901
18,000505,京粮控股,9.943181991577148,7.74,302208848,5123688442.74,5626594981.440001,6.007576942443848,291816924,093127,093127,0,1/1,1,农产品加,20260901
19,601086,国芳集团,10.032715797424316,10.09,298126432,6719940000.0,6719940000.0,4.451624393463135,305805510,093139,093139,0,3/3,3,一般零售,20260901
20,600371,万向德农,10.007880210876465,13.96,615092384,4084388880.0000005,4084388880.0000005,15.273329734802246,143869554,093224,093427,2,11/8,6,种植业,20260901
21,002696,百洋股份,9.969788551330566,7.28,117285978,2433404923.04,2517090867.2000003,4.957208156585693,139861976,093236,093245,1,1/1,1,饲料,20260901
22,000560,我爱我家,10.0,3.19,2666821936,7473175099.61,7514047705.12,36.34589385986328,102553906,093300,112651,5,10/5,3,房地产服,20260901
23,002181,粤 传 媒,9.988518714904785,9.58,360085792,10868865456.32,11122937326.08,3.3815996646881104,383983644,093303,093303,0,1/1,1,出版,20260901
24,000019,深粮控股,10.0,7.92,182773655,3296374543.44,9128079164.16,5.678977966308594,191843752,093336,093415,1,1/1,1,农产品加,20260901
25,002104,恒宝股份,10.035842895507812,12.28,448402944,7461593812.879999,8698539964.8,6.127846717834473,296933175,093551,093551,0,1/1,1,通信设备,20260901
26,600693,东百集团,9.989258766174316,10.24,420783920,8898076487.68,8907225497.6,4.802452087402344,242688204,093559,093559,0,1/1,1,一般零售,20260901
27,605365,立达信,9.971909523010254,15.66,120000486,7861521638.16,7861521700.8,1.5570933818817139,109905012,093614,093656,1,1/1,1,照明设备,20260901
28,600313,农发种业,10.027854919433594,7.9,664892976,8549369437.700001,9174854347.2,8.01278305053711,443411737,093631,093631,0,1/1,1,种植业,20260901
29,002172,澳洋健康,9.976798057556152,4.74,635019776,3626767060.2000003,3629571424.32,17.80404281616211,102722436,093724,100300,3,1/1,1,医疗服务,20260901
30,600828,茂业商业,10.075567245483398,4.37,67448445,7566043990.97,7568763717.28,0.9137093424797058,136505253,093728,093728,0,1/1,1,一般零售,20260901
31,605188,国光连锁,9.985315322875977,14.98,427649392,7606042570.0,7606042510.08,5.747825622558594,59151526,093804,101743,3,3/2,1,一般零售,20260901
32,600127,金健米业,9.966776847839355,13.24,1699405472,8497209806.32,8497209779.84,20.805646896362305,363171028,093806,093806,0,12/7,1,农产品加,20260901
33,000711,京蓝科技,10.016977310180664,6.48,734941040,15273456292.800001,19138661959.68,4.927021026611328,295995390,093918,094000,1,3/2,1,环境治理,20260901
34,600830,香溢融通,10.011919021606445,9.23,125615419,4193398954.8100004,4193399000.96,3.066192388534546,114978543,094015,094421,1,1/1,1,多元金融,20260901
35,000564,供销大集,9.933774948120117,1.66,722011424,25057500011.5,29976385177.6,2.953463554382324,463377048,094018,094018,0,1/1,1,一般零售,20260901
36,600785,新华百货,9.991312026977539,12.66,689362368,3999088806.7200003,3999088806.7200003,17.700258255004883,153667320,094102,100444,2,8/4,1,一般零售,20260901
37,002470,金正大,9.952607154846191,2.32,372539264,7622929947.44,7623584366.08,5.044426441192627,359931296,094412,094412,0,1/1,1,农化制品,20260901
38,002945,华林证券,10.013717651367188,16.04,806861760,43308000000.0,43308000000.0,1.8986871242523193,339535586,094542,105539,2,1/1,1,证券Ⅱ,20260901
39,002882,金龙羽,9.995372772216797,23.77,429265696,5870953203.26,10290033000.0,7.424415111541748,101956661,094648,104439,2,1/1,1,电网设备,20260901
40,600354,敦煌种业,10.012063026428223,9.12,1087564048,4813554969.599999,4813554969.599999,23.53549575805664,130175304,094832,094953,1,3/2,1,种植业,20260901
41,300189,神农种业,20.031795501708984,7.55,2270055200,6691190701.2,7731200000.0,36.193359375,495542740,094957,094957,0,1/1,1,种植业,20260901
42,920855,浙江大农,29.984542846679688,16.82,102573764,1127560843.02,1257014661.06,9.402078628540039,20000880,095040,095828,1,1/1,1,专用设备,20260901
43,605300,佳禾食品,10.051281929016113,10.73,79877340,4875696945.81,4875696892.16,1.6771068572998047,41983292,095055,095119,1,1/1,1,饮料乳品,20260901
44,600121,郑州煤电,9.979633331298828,5.4,819127920,6579425005.200001,6579424972.8,13.063253402709961,161575587,095308,095308,0,2/2,2,煤炭开采,20260901
45,002041,登海种业,10.0,11.88,762883456,10454400000.0,10454400000.0,7.573088645935059,334640390,095354,095354,0,1/1,1,种植业,20260901
46,000721,西安饮食,10.0,7.59,395214016,3888814737.72,4356009567.36,10.340185165405273,89389676,095524,100615,4,1/1,1,酒店餐饮,20260901
47,603123,翠微股份,10.010537147521973,10.44,521442880,6809760907.559999,8338810855.679999,7.818746566772461,269048196,095710,095710,0,1/1,1,多元金融,20260901
48,002703,浙江世宝,10.012063026428223,18.24,1318310880,10689516869.759998,15004814684.159998,12.86999797821045,374303331,095848,095848,0,6/3,1,汽车零部,20260901
49,603376,大明电子,10.003862380981445,28.48,131639768,911382784.0,11392028707.84,14.740212440490723,65620768,100101,100101,0,1/1,1,汽车零部,20260901
50,002721,金一文化,10.034602165222168,3.18,647642464,8456823995.700001,8456823973.440001,7.856233596801758,163453908,100257,101009,2,1/1,1,饰品,20260901
51,605068,明新旭腾,9.983810424804688,20.38,181105847,3305605328.1,3305605328.1,5.635300636291504,85591924,100421,101103,1,1/1,1,汽车零部,20260901
52,003040,楚天龙,10.0,19.58,1718793872,8945128051.64,9029042253.439999,20.198625564575195,323738050,100524,100524,0,8/6,1,通信设备,20260901
53,000998,隆平高科,10.044150352478027,9.97,832206336,13111053943.62,14650397198.080002,6.532407283782959,186215981,100527,100527,0,1/1,1,种植业,20260901
54,603293,埃泰克,10.011154174804688,39.45,192025030,1384557358.95,7065126458.1,14.222579002380371,73156080,100749,100749,0,1/1,1,汽车零部,20260901
55,002015,协鑫能科,9.974746704101562,17.42,1998281568,28278314775.88,28278314671.360004,7.3307976722717285,461706438,101033,101033,0,1/1,1,电力,20260901
56,601566,九牧王,10.04672908782959,9.42,135146152,5413081953.0,5413081971.84,2.5852773189544678,68724552,101937,101937,0,1/1,1,服装家纺,20260901
57,600792,云煤能源,9.950248718261719,4.42,220190322,4905862312.0,4905862312.0,4.644283771514893,122921968,102027,102027,0,1/1,1,焦炭Ⅱ,20260901
58,000596,古井贡酒,9.998908996582031,100.88,614615408,41219568000.0,53325168000.0,1.5371402502059937,508882905,102106,102106,0,1/1,1,白酒Ⅱ,20260901
59,603207,小方制药,10.004331588745117,25.4,140415190,1386914828.3999999,4109302474.7999997,10.35485553741455,72024240,102446,102446,0,1/1,1,化学制药,20260901
60,300927,江天化学,20.0,34.92,856278960,4919841435.6,5041051200.0,18.90243911743164,241292520,103903,103903,0,1/1,1,化学原料,20260901
61,001330,博纳影业,9.98217487335205,6.17,1379684128,7174767976.74,8480782180.64,20.19405174255371,121896988,104933,112936,1,2/2,2,影视院线,20260901
62,600967,内蒙一机,10.018051147460938,12.19,665658928,20744876990.73,20744877051.68,3.3021042346954346,345991585,105105,105105,0,1/1,1,地面兵装,20260901
63,002291,遥望科技,10.073260307312012,6.01,590331184,5223442872.7,5620133415.5199995,11.803174018859863,209823524,105657,105657,0,1/1,1,广告营销,20260901
64,600318,新力金融,9.985315322875977,7.49,198183247,3840329963.6800003,3840329963.6800003,5.357879161834717,89512241,110735,110753,1,1/1,1,多元金融,20260901
65,002349,精华制药,10.0,8.36,607075216,6806552390.879999,6948232621.44,9.464973449707031,384221545,112212,112212,0,3/2,1,中药Ⅱ,20260901
1,002084,海鸥住工,10.0,6.38,39838028,4112767739.96,4121837586.24,0.9686427712440491,330898030,092500,092500,0,6/6,6,家居用品,20260831
2,600371,万向德农,9.965337753295898,12.69,174057944,3712814820.0,3712814820.0,4.6880316734313965,141811384,092500,092500,0,10/7,5,种植业,20260831
3,000011,深物业A,10.054644584655762,10.07,115646357,5301608718.01,6001509416.16,2.181344747543335,93488873,092500,092500,0,2/2,2,房地产开,20260831
4,002679,福建金森,10.028116226196289,11.74,59436861,2767775440.0,2767775440.0,2.1474597454071045,353959062,092500,092500,0,2/2,2,林业Ⅱ,20260831
5,000560,我爱我家,9.848484992980957,2.9,185611600,6793795545.099999,6830952459.2,2.7320752143859863,458788700,092500,092500,0,5/3,2,房地产服,20260831
6,000965,天保基建,10.030394554138184,3.62,480043392,4017587839.9,4017587843.52,12.123248100280762,13143640,092500,145027,4,1/1,1,房地产开,20260831
7,002133,广宇集团,9.929078102111816,3.1,96606416,2386597623.1,2399846945.6,4.047872066497803,31150784,092500,092500,0,1/1,1,房地产开,20260831
8,601086,国芳集团,9.952038764953613,9.17,232455626,6107220000.0,6107220000.0,3.8064563274383545,84343826,092502,105205,1,2/2,2,一般零售,20260831
9,600540,新赛股份,10.099010467529297,5.56,39566761,3232455897.6,3232455897.6,1.2240464687347412,246778242,092504,092504,0,3/3,3,种植业,20260831
10,002375,亚厦股份,10.0,4.07,120519238,5417155596.27,5453785738.72,2.2405099868774414,33365046,093015,093436,3,1/1,1,装修装饰,20260831
11,002886,沃特股份,10.0,29.04,1885965312,6071629882.559999,7643431527.599999,31.392820358276367,39240009,093027,140815,7,7/4,3,塑料,20260831
12,002855,捷荣技术,9.972677230834961,16.1,565427776,3964258435.2000003,3967356880.2000003,14.488382339477539,34681010,093103,100951,5,5/5,5,消费电子,20260831
13,002098,浔兴股份,9.986504554748535,8.15,86425158,2917700000.0,2917700000.0,2.984240770339966,14095425,093118,093118,0,1/1,1,纺织制造,20260831
14,000712,锦龙股份,10.0,12.98,3119349440,11626628942.5,11630080000.0,27.43531036376953,52450882,093133,142609,3,4/4,4,证券Ⅱ,20260831
15,002534,西子洁能,9.986684799194336,16.52,137221991,13635030064.32,13809649239.68,1.015695333480835,168303744,093136,093142,1,1/1,1,其他电源,20260831
16,002169,智光电气,10.008203506469727,13.41,309032640,10203990397.47,10496061927.36,3.0750317573547363,94983030,093142,093230,1,1/1,1,电网设备,20260831
17,600691,潞化科技,9.863945960998535,3.23,437009792,7673142624.96,7674421704.96,5.813710689544678,43728386,093209,095948,1,2/2,2,农化制品,20260831
18,001221,悍高集团,9.994668960571289,41.27,300949264,3172406493.5800004,16508412700.000002,9.553241729736328,33165025,093315,132448,6,1/1,1,家居用品,20260831
19,601882,海天精工,9.989959716796875,21.91,223856257,11437020000.0,11437020000.0,1.9834851026535034,31377924,093330,093430,1,1/1,1,通用设备,20260831
20,600110,诺德股份,9.9634370803833,12.03,1699415664,20874226611.96,20874226563.84,8.27534294128418,171295470,093336,093421,1,1/1,1,电池,20260831
21,603270,金帝股份,10.0,30.25,270645808,2139179176.75,6627976676.75,12.811914443969727,46237125,093442,093833,2,1/1,1,通用设备,20260831
22,000892,欢瑞世纪,9.974424362182617,4.3,226322636,3056434857.2,4218216064.0,7.524365425109863,158916820,093451,093451,0,1/1,1,影视院线,20260831
23,600227,赤天化,10.043667793273926,5.04,1044807616,6439103007.12,8511187507.2,16.538843154907227,76193722,093515,093924,2,4/3,2,农化制品,20260831
24,300413,芒果超媒,20.0,16.98,1086735440,17348465286.84,31764839455.68,6.4140400886535645,387913397,093521,093521,0,1/1,1,数字媒体,20260831
25,603269,海鸥股份,10.009016990661621,24.4,1089466656,10539469956.0,10539469907.199999,10.549492835998535,29005256,093529,094126,4,3/3,3,通用设备,20260831
26,603721,中广天择,10.023041725158691,19.1,100222873,2483000000.0,2483000000.0,4.087230205535889,61782789,093531,093607,1,1/1,1,影视院线,20260831
27,605287,德才股份,10.0,41.58,373426768,5821200000.0,5821200000.0,6.5847859382629395,73779552,093628,103713,2,1/1,1,装修装饰,20260831
28,603216,梦天家居,10.00485610961914,22.65,163320099,5043928500.0,5043928500.0,3.2931878566741943,75041715,093634,094622,2,1/1,1,家居用品,20260831
29,601330,绿色动力,10.0,7.81,214854259,7724833793.16,11171463237.439999,2.8093645572662354,46855642,093637,093637,0,1/1,1,环境治理,20260831
30,603893,瑞芯微,10.0,194.59,3436081936,82328995534.5,82339503783.68001,4.213590145111084,180462766,093723,100526,1,1/1,1,半导体,20260831
31,603978,深圳新星,9.989484786987305,20.92,459661488,4416092735.08,4416092735.08,10.578208923339844,22380216,093916,102210,3,1/1,1,金属新材,20260831
32,301151,冠龙节能,20.023147583007812,20.74,169487559,3500508254.4199996,3505145033.9999995,5.026749134063721,72628783,094115,094115,0,1/1,1,通用设备,20260831
33,002081,金 螳 螂,10.0,6.16,1597935920,16339711523.52,16356793967.36,10.181163787841797,244163920,094212,094212,0,1/1,1,装修装饰,20260831
34,603989,艾华集团,10.0,31.46,1262212720,12545614395.6,12545614269.76,10.241647720336914,51886978,094234,112107,3,1/1,1,元件,20260831
35,003018,金富科技,10.002227783203125,49.38,1084941840,14049180487.140001,15502850209.92,7.93306303024292,92330724,094406,095500,2,1/1,1,包装印刷,20260831
36,002909,集泰股份,10.054844856262207,6.02,105879131,2290172845.66,2347800000.0,4.760239601135254,48776116,094436,094436,0,1/1,1,化学制品,20260831
37,002903,宇环数控,10.017271041870117,31.85,487507152,3425975475.65,4957818775.0,14.734976768493652,165569008,094712,094712,0,1/1,1,通用设备,20260831
38,003036,泰坦股份,10.001845359802246,59.61,376924544,12911579350.95,12911910186.45,3.017301559448242,177327828,095203,095203,0,1/1,1,专用设备,20260831
39,002328,新朋股份,9.961190223693848,8.5,420150288,4850830116.0,6560045000.0,8.90122127532959,50253912,095330,095330,0,1/1,1,汽车零部,20260831
40,002830,名雕股份,9.972105979919434,15.77,84425527,1464000065.0,2931579920.0,5.925718307495117,71954788,095433,095433,0,1/1,1,装修装饰,20260831
41,002418,康盛股份,10.0,5.39,1474324288,6125196000.0,6125196000.0,25.617555618286133,134988512,095518,095518,0,5/4,1,家电零部,20260831
42,002921,联诚精密,9.99526309967041,23.22,220455995,2989717338.6,3459086348.94,7.5319600105285645,86404824,100324,100324,0,1/1,1,汽车零部,20260831
43,002141,贤丰控股,10.077519416809082,7.1,1038612832,7333844165.799999,7333844123.2,14.638821601867676,144130710,100451,100451,0,1/1,1,元件,20260831
44,603358,华达科技,10.0,49.72,635840560,22959236369.96,23355625539.84,2.8557686805725098,135829620,100601,100601,0,1/1,1,汽车零部,20260831
45,002881,美格智能,9.995100975036621,44.9,774107440,8217641104.0,13562996880.0,9.635420799255371,58154480,100745,130833,2,1/1,1,通信设备,20260831
46,600121,郑州煤电,10.089685440063477,4.91,596686928,5982403106.58,5982403077.12,10.462626457214355,40317502,100911,100911,0,1/1,1,煤炭开采,20260831
47,600722,金牛化工,10.019646644592285,16.8,2635581408,11429370556.800001,11429370624.0,23.680313110351562,99034320,101020,134059,1,2/2,2,化学原料,20260831
48,603559,中通国脉,10.02087688446045,10.54,435460496,4229459358.66,4229459327.0399995,10.773797035217285,27225874,101557,131430,3,2/2,2,通信服务,20260831
49,920223,荣亿精密,29.967159271240234,15.83,274904416,1292919207.5,2489821550.0,23.1768798828125,10567712,101742,144312,2,1/1,1,通用设备,20260831
50,603178,圣龙股份,9.981515884399414,17.85,350197840,4219952075.8500004,4219952075.8500004,8.413809776306152,13951560,101743,103352,3,1/1,1,汽车零部,20260831
51,002660,茂硕电源,9.973752975463867,8.38,215427689,2902431167.84,2988526014.0800004,7.591846942901611,51505776,101939,110942,1,1/1,1,消费电子,20260831
52,603685,晨丰科技,9.987516403198242,26.43,124654851,5324739693.21,6685483512.24,2.409001588821411,26784611,102022,102022,0,1/1,1,光学光电,20260831
53,003005,竞业达,9.980039596557617,16.53,396006304,2218237977.75,3824855062.2300005,18.74561882019043,98172066,102530,102530,0,2/2,2,IT服务Ⅱ,20260831
54,001330,博纳影业,10.0,5.61,702824656,6523573476.42,7711051545.120001,11.108352661132812,170636570,102530,104836,2,1/1,1,影视院线,20260831
55,603533,掌阅科技,9.980525970458984,22.59,845763376,9914679502.65,9914679434.88,8.782742500305176,118443888,102538,103014,1,1/1,1,数字媒体,20260831
56,301231,荣信文化,19.984657287597656,31.28,374774752,2046681680.0,2640032000.0,19.482332229614258,54139424,103515,103515,0,1/1,1,出版,20260831
57,601595,上海电影,10.024009704589844,18.33,302904736,8215505999.999999,8215505999.999999,3.814507007598877,86818212,103538,103538,0,1/1,1,影视院线,20260831
58,605577,龙版传媒,10.051814079284668,10.62,133946298,4720000005.9,4720000037.759999,2.92345929145813,33133338,104250,104250,0,1/1,1,出版,20260831
59,603058,永吉股份,10.021322250366211,10.32,384184304,4279328001.12,4279637621.76,9.20747184753418,38219862,104742,130027,2,1/1,1,包装印刷,20260831
60,301218,华是科技,20.0,58.14,940600128,4168821780.54,6630285600.0,24.16545295715332,140937522,110603,112142,2,1/1,1,IT服务Ⅱ,20260831
61,605118,力鼎光电,9.986595153808594,32.82,182318971,13419064170.0,13496207842.56,1.4244188070297241,58944720,112507,112507,0,1/1,1,计算机设,20260831
62,300364,中文在线,20.01759910583496,27.28,3641103280,18034416886.64,19873483055.36,21.63849639892578,365734776,130042,130042,0,1/1,1,数字媒体,20260831
63,603950,长源东谷,10.008354187011719,65.84,717734608,21323521792.0,21340771872.0,3.530467987060547,190477753,130544,130544,0,1/1,1,汽车零部,20260831
64,920021,流金科技,29.955947875976562,8.85,587557440,2190858856.0499997,2734649858.4,29.39760971069336,19999725,130930,134436,2,1/1,1,电视广播,20260831
65,603201,常润股份,10.01344108581543,16.37,144551961,3083367126.54,3109968049.1400003,4.862831115722656,66917646,130948,130948,0,1/1,1,汽车零部,20260831
66,603113,金能科技,9.963768005371094,6.07,382993072,5150338039.12,5150338087.68,7.714603900909424,37945160,131241,131241,0,1/1,1,化学原料,20260831
67,601929,吉视传媒,9.829059600830078,2.57,516461952,8968755591.76,8968755612.32,6.012675762176514,107994630,131444,131444,0,1/1,1,电视广播,20260831
68,301262,海看股份,19.989253997802734,22.33,736961648,2725943503.3599997,9311610000.0,28.646791458129883,15693524,131642,140830,4,1/1,1,广告营销,20260831
69,603139,康惠股份,9.991337776184082,38.09,225218645,3804429200.0000005,4054855714.0000005,6.053451061248779,15415023,132001,143313,2,1/1,1,中药Ⅱ,20260831
70,600551,时代出版,10.0,8.25,340864944,5593955721.75,5593955664.0,6.524681568145752,73427417,132136,132136,0,2/2,2,出版,20260831
71,002303,美盈森,10.058026313781738,5.69,459045888,6073298457.25,8713231739.2,7.835107326507568,15994590,132203,132942,1,1/1,1,包装印刷,20260831
72,600892,大晟文化,9.950248718261719,4.42,247648951,2472192349.12,2472831728.64,10.511137962341309,17755140,132236,132236,0,1/1,1,游戏Ⅱ,20260831
73,603068,博通集成,9.988807678222656,39.31,645400848,5966759509.89,5966759509.89,11.192493438720703,83006996,132512,132512,0,1/1,1,半导体,20260831
74,300911,亿田智能,20.00901222229004,26.63,721101168,4562899268.23,4882434449.07,16.957090377807617,89217903,132730,132730,0,1/1,1,厨卫电器,20260831
75,600246,万通发展,9.983498573303223,13.33,1892625360,25199198305.08,25900023001.76,7.9237565994262695,148845446,132949,133001,1,1/1,1,房地产开,20260831
76,603090,宏盛股份,10.0,42.13,193333774,4213000000.0000005,4213000000.0000005,4.808899879455566,35342857,133103,133103,0,1/1,1,通用设备,20260831
77,002757,南兴股份,10.006293296813965,17.48,479440288,4967879732.08,5164569481.6,9.9588041305542,145651575,133109,133109,0,1/1,1,专用设备,20260831
78,600671,天目药业,10.009624481201172,22.86,240374806,2783674384.38,2783865311.1,8.857614517211914,34680906,133324,141957,6,1/1,1,中药Ⅱ,20260831
79,002875,安奈儿,10.022778511047363,14.49,146869200,3077829883.8,3077829883.8,4.954766273498535,97544492,134130,134130,0,1/1,1,服装家纺,20260831
80,002396,星网锐捷,10.002725601196289,40.36,5255444224,30569273678.16,30569273597.44,18.5712890625,244556253,134627,135300,2,7/4,3,通信设备,20260831
81,000977,浪潮信息,9.994834899902344,85.18,9601180928,124951876259.52,125084841558.08002,7.9533209800720215,407519433,135157,135609,1,1/1,1,计算机设,20260831
82,603313,梦百合,9.95106029510498,6.74,298377712,3845755604.9,3845755571.2000003,8.054984092712402,27318635,135642,142512,5,1/1,1,家居用品,20260831
83,603001,奥康国际,9.98781967163086,9.03,148998541,3620849399.9999995,3620849399.9999995,4.253651142120361,53870903,140826,140826,0,1/1,1,服装家纺,20260831
84,002008,大族激光,9.997716903686523,96.38,5336748544,92209628051.14,99233176463.04,6.052914142608643,278905407,141421,141421,0,1/1,1,自动化设,20260831
85,603236,移远通信,9.992862701416016,61.64,1383246080,24986708339.12,24986707969.28,5.733835697174072,78066320,141422,141719,1,1/1,1,通信设备,20260831
86,603459,红板科技,9.995367050170898,94.97,1972097328,7507554954.26,71583977872.48,27.24643325805664,47152605,141603,145124,2,1/1,1,元件,20260831
87,601136,首创证券,9.986129760742188,15.86,639914624,43350674068.0,43350674194.88,1.5407030582427979,106374590,142427,142427,0,1/1,1,证券Ⅱ,20260831
88,603297,永新光学,9.997151374816895,115.86,308329536,12829073526.0,12829073526.0,2.5126872062683105,98595817,143525,143525,0,1/1,1,光学光电,20260831
1,002942,新农股份,9.994739532470703,20.91,512135680,2901431515.53,3251101855.2,18.389476776123047,13286214,092500,140357,3,3/3,3,农化制品,20260828
2,002855,捷荣技术,9.992486953735352,14.64,75031464,3604766676.48,3607584144.48,2.081451416015625,63064728,092500,092500,0,4/4,4,消费电子,20260828
3,000712,锦龙股份,9.972041130065918,11.8,178845225,10569662675.0,10572800000.0,1.6920617818832397,237252275,092500,092500,0,3/3,3,证券Ⅱ,20260828
4,002886,沃特股份,10.0,26.4,112054800,5519663529.599999,6948574116.0,2.030102014541626,265290960,092500,092500,0,6/3,2,塑料,20260828
5,002084,海鸥住工,10.056926727294922,5.8,39002059,3738879763.6,3747125078.4,1.0431482791900635,360809920,092500,092500,0,5/5,5,家居用品,20260828
6,600371,万向德农,10.009532928466797,11.54,56645752,3376350119.9999995,3376350119.9999995,1.6777215003967285,163270874,092502,092502,0,9/6,4,种植业,20260828
7,600378,昊华科技,10.008254051208496,53.31,2975549760,57178459501.53,68769879528.96,5.205942630767822,431331956,092502,094526,3,2/2,2,化学制品,20260828
8,600654,中安科,10.0,3.63,423233984,8412277517.49,10328837080.32,5.031227111816406,125670948,092503,093321,1,2/2,2,软件开发,20260828
9,600540,新赛股份,10.0217866897583,5.05,26090416,2935953648.0,2935953648.0,0.8886521458625793,189528424,092503,092503,0,2/2,2,种植业,20260828
10,002631,德尔未来,10.0217866897583,10.1,963976608,8016267505.2,8052557088.0,12.116863250732422,25298954,093000,130818,9,1/1,1,家居用品,20260828
11,002742,冀衡医药,10.052909851074219,6.24,1345116192,3269267807.52,4268796779.52,41.97233581542969,41307196,093000,143857,3,10/5,4,化学制药,20260828
12,002354,天娱数科,9.943977355957031,7.85,718716592,12771901165.15,12988498718.4,5.627326488494873,529592768,093000,093000,0,1/1,1,广告营销,20260828
13,603900,莱绅通灵,9.943977355957031,7.85,175103011,2690382144.0,2691795144.0,6.508481025695801,62234800,093001,093001,0,2/2,2,饰品,20260828
14,300378,鼎捷数智,19.99359130859375,37.45,518327568,10093267916.900002,10169721867.2,5.182827949523926,99647709,093024,093024,0,1/1,1,软件开发,20260828
15,600551,时代出版,9.970674514770508,7.5,138324673,5085414292.5,5085414240.0,2.7304041385650635,33831150,093050,093302,1,1/1,1,出版,20260828
16,603269,海鸥股份,10.019841194152832,22.18,341607952,9580550968.2,9580550923.84,3.5946226119995117,64238314,093113,093228,1,2/2,2,通用设备,20260828
17,002279,久其软件,9.984399795532227,7.05,323045328,5612423029.65,6078558391.2,5.8414483070373535,122216685,093257,093257,0,1/1,1,软件开发,20260828
18,000017,深中华A,9.990394592285156,11.45,1253143472,5047411338.95,7891167425.599999,25.082805633544922,10069130,093300,144706,14,7/7,7,饰品,20260828
19,000059,华锦股份,10.079051971435547,5.57,539433632,8908730337.59,8908894970.08,6.132847309112549,7013844,093306,100851,1,1/1,1,炼化及贸,20260828
20,600929,雪天盐业,10.018214225769043,6.04,171880314,9906284066.24,9906284114.56,1.759232759475708,64951701,093404,093555,2,1/1,1,化学原料,20260828
21,600479,千金药业,9.983498573303223,13.33,1392000800,5578699869.61,6561159513.28,25.61577033996582,47124255,093427,142121,10,3/3,3,中药Ⅱ,20260828
22,603045,福达合金,9.9946928024292,62.18,380340752,8421979737.9,8421979737.9,4.5801801681518555,56924111,093512,093539,1,1/1,1,金属新材,20260828
23,003005,竞业达,10.029282569885254,15.03,90336480,2016945965.25,3477772025.73,4.543655872344971,39736449,093609,093609,0,1/1,1,IT服务Ⅱ,20260828
24,002396,星网锐捷,10.014991760253906,36.69,4141078928,27789560239.14,27904739761.92,15.157744407653809,144942377,093609,145251,7,6/3,2,通信设备,20260828
25,600162,香江控股,10.061601638793945,5.36,811039168,17518828333.920002,17518828366.08,4.694637775421143,70204004,093620,134920,4,2/2,2,房地产开,20260828
26,002212,天融信,10.0,6.93,751126816,8086264838.19,8173615332.96,9.405447006225586,125389341,093803,093803,0,1/1,1,软件开发,20260828
27,601086,国芳集团,10.026385307312012,8.34,147100140,5554440000.0,5554440000.0,2.7022790908813477,66562549,093847,093847,0,1/1,1,一般零售,20260828
28,688152,麒麟信安,20.0,38.04,266716620,3876202811.04,3876202811.04,7.196340084075928,50094191,093954,093954,0,1/1,1,软件开发,20260828
29,002165,红 宝 丽,9.986859321594238,8.37,981934912,6091396364.5199995,6154208560.799999,16.565855026245117,193649282,094242,100306,1,1/1,1,化学制品,20260828
30,001288,运机集团,10.0115966796875,28.46,471582368,4322304925.42,6652919256.38,11.041937828063965,79562206,094254,100615,4,1/1,1,专用设备,20260828
31,000560,我爱我家,10.0,2.64,642316336,6184696634.16,6218522238.72,10.616172790527344,152262364,094418,094418,0,4/2,1,房地产服,20260828
32,603778,国晟科技,9.978768348693848,10.36,464618400,6659999991.12,6838036446.08,7.157296657562256,60522084,094658,094843,2,1/1,1,光伏设备,20260828
33,603016,新宏泰,9.996528625488281,31.69,118415842,4695190400.0,4695190400.0,2.5963823795318604,23862570,094915,094915,0,1/1,1,电网设备,20260828
34,002918,蒙娜丽莎,10.0,11.33,257211681,2426942242.12,4631929693.6,10.898699760437012,94333580,095048,100730,2,1/1,1,家居用品,20260828
35,002952,亚世光电,9.994952201843262,21.79,124923982,2921488410.2799997,3580968600.0,4.384215354919434,40056012,095212,095212,0,1/1,1,光学光电,20260828
36,603011,合锻智能,9.984089851379395,27.65,2204164224,13670559183.05,13670559044.8,16.5865421295166,45887940,095241,144541,10,2/2,2,专用设备,20260828
37,603082,北自科技,10.012330055236816,44.61,304034128,1809243309.0,7430826392.49,17.152982711791992,44854730,095247,095247,0,1/1,1,自动化设,20260828
38,603007,顺景科技,10.040983200073242,5.37,413918512,3732628085.73,4749475535.52,11.2885103225708,19356702,095358,142507,3,1/1,1,汽车零部,20260828
39,600354,敦煌种业,10.053619384765625,8.21,869767472,4333255076.8,4333255076.8,20.602935791015625,57708796,095508,100147,2,1/1,1,种植业,20260828
40,002971,和远气体,10.0,47.08,842553696,7580094025.679999,9916225000.0,11.434887886047363,194995944,095748,095748,0,1/1,1,化学制品,20260828
41,603559,中通国脉,9.988518714904785,9.58,266944404,3844233458.82,3844233430.08,7.026479244232178,33403544,100117,145138,2,1/1,1,通信服务,20260828
42,605006,山东玻纤,9.978768348693848,15.54,633943584,10156964264.16,10156964388.48,6.384446144104004,18220650,100156,103332,2,1/1,1,玻璃玻纤,20260828
43,002107,沃华医药,10.045661926269531,7.23,219031210,4131195906.9300003,4173225408.0000005,5.432629108428955,11160228,100218,100218,0,1/1,1,中药Ⅱ,20260828
44,603171,税友股份,9.997519493103027,44.34,617506784,17997162600.0,18017337654.72,3.5300939083099365,95282359,100312,100412,1,1/1,1,IT服务Ⅱ,20260828
45,002229,鸿博股份,10.02685832977295,12.29,969490256,6060989259.29,6061289368.799999,16.42537498474121,81128748,100348,100542,1,1/1,1,IT服务Ⅱ,20260828
46,601003,柳钢股份,10.05434799194336,4.05,156533939,10379312460.0,10668598192.8,1.5543855428695679,26302291,101048,101048,0,1/1,1,普钢,20260828
47,002349,精华制药,10.041841506958008,7.89,325503408,6423887364.12,6557602318.559999,5.194520950317383,96440259,101803,101803,0,1/1,1,中药Ⅱ,20260828
48,601700,风范股份,9.973752975463867,8.38,1622739440,9542786174.0,9542786140.480001,18.01458740234375,105714119,101906,101906,0,20/10,1,电网设备,20260828
49,000011,深物业A,9.975961685180664,9.15,107880201,4817251218.45,5453208655.2,2.2950398921966553,80429415,102109,102109,0,1/1,1,房地产开,20260828
50,601222,林洋能源,9.9277982711792,6.09,593354032,12431030750.039999,12431030774.4,4.836880683898926,51509920,102306,102306,0,1/1,1,电网设备,20260828
51,002949,华阳国际,10.0,14.08,357327568,2139112954.88,2760917434.88,17.479949951171875,32830336,102512,142830,3,4/3,1,工程咨询,20260828
52,002679,福建金森,10.0,10.67,136470109,2515516520.0,2515516520.0,5.520683288574219,48675633,102715,102733,1,1/1,1,林业Ⅱ,20260828
53,001376,百通能源,9.97150993347168,11.58,250299088,2489587824.54,5657988000.0,10.368010520935059,54575382,102903,102903,0,1/1,1,电力,20260828
54,000798,中水渔业,10.0,10.12,312754416,3702262465.4399996,3702490246.3999996,8.74130630493164,36925856,104342,104536,1,1/1,1,渔业,20260828
55,000716,黑芝麻,10.097086906433105,5.67,419217200,4171555856.79,4268852552.16,10.37305736541748,42522040,104854,130403,1,1/1,1,休闲食品,20260828
56,603608,天创时尚,9.994416236877441,19.7,473627664,8373084774.799999,8373084696.0,5.815040588378906,57386100,105038,105038,0,1/1,1,服装家纺,20260828
57,002915,中欣氟材,10.029153823852539,18.87,501577264,5494743242.070001,6326607699.360001,9.342265129089355,82762763,105642,111027,1,1/1,1,化学制品,20260828
58,002578,闽发铝业,9.898476600646973,4.33,265696348,3728833889.13,4064268662.08,7.334160804748535,67759979,105757,105757,0,1/1,1,工业金属,20260828
59,600691,潞化科技,10.112359046936035,2.94,230246334,6984222698.88,6985386938.88,3.405381202697754,63981867,110123,110347,1,1/1,1,农化制品,20260828
60,000062,深圳华强,10.004426956176758,24.85,1472468304,25962332668.300003,25990846800.800003,5.834789276123047,74743830,110209,110209,0,1/1,1,其他电子,20260828
61,603029,天鹅股份,9.98796558380127,18.28,223641987,2218131760.0,2218131760.0,10.406890869140625,10191100,110917,111211,1,1/1,1,专用设备,20260828
62,920895,花溪科技,29.96923065185547,21.12,193042228,606923328.0,1193786880.0,38.169036865234375,13183779,111125,133116,1,2/2,2,专用设备,20260828
63,605188,国光连锁,10.041152000427246,13.37,150446212,6788570705.0,6788570651.5199995,2.3205277919769287,56737854,111424,111424,0,1/1,1,一般零售,20260828
64,603396,金辰股份,10.0,31.9,478784752,4419026548.2,4419026548.2,11.363204956054688,48368981,130017,130017,0,3/2,1,光伏设备,20260828
65,605566,福莱蒽特,9.992283821105957,28.51,131172501,3801523400.0,3801523400.0,3.5874457359313965,57772664,130804,130804,0,1/1,1,化学制品,20260828
66,000626,远大控股,10.058479309082031,9.41,271272592,4745583175.11,4767358790.24,5.874321460723877,18656783,130942,130942,0,1/1,1,物流,20260828
67,000567,海德股份,10.047096252441406,7.01,568131936,13660839593.64,13701691041.6,4.3477277755737305,56821062,131012,131012,0,1/1,1,多元金融,20260828
68,600722,金牛化工,10.014410018920898,15.27,2059541728,10388481452.52,10388481513.6,20.702701568603516,103850888,131341,131341,0,1/1,1,化学原料,20260828
69,003030,祖名股份,9.990876197814941,24.11,151379397,1966855007.01,3008445800.0,8.024477005004883,73281404,132000,132000,0,1/1,1,农产品加,20260828
70,600815,厦工股份,10.123456954956055,4.46,776321120,7912461380.8,7912461380.8,10.110291481018066,81170510,132015,132015,0,1/1,1,工程机械,20260828
71,002427,尤夫股份,9.957627296447754,5.19,320808176,5109648347.34,5114396148.96,6.532806396484375,48430568,132106,132836,1,1/1,1,化学纤维,20260828
72,600251,冠农股份,10.0,11.77,748425936,9145214471.91,9145214483.68,8.436114311218262,109942122,133355,141343,3,1/1,1,农产品加,20260828
73,603086,先达股份,10.086956977844238,6.33,136762547,2752367195.19,2752367150.88,5.1783037185668945,30697847,133836,133836,0,1/1,1,农化制品,20260828
74,000925,众合科技,9.964829444885254,9.38,740286672,6295410853.34,6344349249.280001,12.396095275878906,78086624,134100,134100,0,1/1,1,轨交设备,20260828
75,600689,上海三毛,9.990999221801758,12.22,116423363,1859934627.46,2456114211.46,6.414608478546143,43687722,135221,142639,1,1/1,1,综合Ⅱ,20260828
76,002486,嘉麟杰,10.074626922607422,2.95,219805227,2420268370.2000003,2431635156.8,9.382955551147461,46530125,140018,140018,0,1/1,1,服装家纺,20260828
77,688209,英集芯,19.983753204345703,29.54,1688473072,12813980807.46,12813980777.92,13.929737091064453,9397205,140838,150000,11,1/1,1,半导体,20260828
78,600227,赤天化,10.096153259277344,4.58,1600591552,5851407097.74,7734372774.400001,28.88878059387207,41367476,141507,144404,2,3/2,1,农化制品,20260828
79,600714,金瑞矿业,10.011507987976074,19.12,994709168,5509930339.76,5509930320.64,19.2550106048584,104320632,142149,142149,0,4/2,1,化学原料,20260828
80,000912,泸天化,10.1010103225708,4.36,474238112,6836480000.000001,6836480000.000001,7.197516441345215,40423740,142606,145351,1,1/1,1,农化制品,20260828
81,002437,誉衡药业,9.954751014709473,4.86,3612936944,10219006915.2,10837159102.08,38.860923767089844,231183877,143412,143412,0,1/1,1,化学制药,20260828
82,000565,渝三峡Ａ,9.966776847839355,6.62,146280396,2870380496.4,2870380522.88,5.348330497741699,57564905,144406,144406,0,1/1,1,化学制品,20260828
1,002084,海鸥住工,10.02087688446045,5.27,27643695,3397223509.3399997,3404715372.9599996,0.8137143850326538,329225563,092500,092500,0,4/4,4,家居用品,20260827
2,002855,捷荣技术,10.0,13.31,18861601,3277284457.92,3279845967.42,0.5755252838134766,92996970,092500,092500,0,3/3,3,消费电子,20260827
3,002742,冀衡医药,10.097086906433105,5.67,56422737,2970632767.41,3878858612.16,1.8993507623672485,168347970,092500,092500,0,3/3,3,化学制药,20260827
4,000712,锦龙股份,10.051281929016113,10.73,158057696,9611227161.25,9614080000.0,1.644511103630066,220685551,092500,092500,0,2/2,2,证券Ⅱ,20260827
5,002942,新农股份,10.011573791503906,19.01,42953665,2637791157.8300004,2955688487.2000003,1.6283951997756958,356469246,092500,092500,0,2/2,2,农化制品,20260827
6,002155,湖南黄金,10.016286849975586,27.02,383632336,42218720737.34,42222838450.24,0.9086782336235046,564939509,092500,092500,0,1/1,1,贵金属,20260827
7,600540,新赛股份,10.071942329406738,4.59,40677246,2668520246.4,2668520246.4,1.5243371725082397,161909496,092502,092502,0,1/1,1,种植业,20260827
8,600613,神奇制药,10.047392845153809,11.61,677314640,5564904944.58,6200571647.5199995,12.17633056640625,167587935,092502,093050,1,11/7,1,化学制药,20260827
9,600371,万向德农,9.9580717086792,10.49,169885569,3069143220.0,3069143220.0,5.547128200531006,204232474,093006,093006,0,8/5,3,种植业,20260827
10,603237,五芳斋,9.972298622131348,15.88,57087483,3014133984.88,3112666208.88,1.8949249982833862,30682351,093006,093006,0,1/1,1,食品加工,20260827
11,000890,法尔胜,10.025062561035156,8.78,132042068,3683131383.8799996,3683244839.04,3.6119720935821533,98898798,093009,093009,0,2/2,2,环保设备,20260827
12,600103,青山纸业,10.086455345153809,3.82,507382960,8451096959.54,8559958192.639999,6.097270488739014,307811504,093033,093033,0,3/3,3,造纸,20260827
13,000576,甘化科工,10.041265487670898,8.0,268783456,3470522088.0,3491345664.0,7.823816776275635,33069648,093039,095318,4,1/1,1,地面兵装,20260827
14,003040,楚天龙,9.982383728027344,18.73,1759884208,8556805332.34,8637076680.64,20.767614364624023,38151137,093048,131809,19,5/5,5,通信设备,20260827
15,301666,大普微-UW,20.0,469.2,961955872,12441468135.6,204672719865.6,7.814459800720215,251022000,093051,093051,0,1/1,1,计算机设,20260827
16,600479,千金药业,9.981851577758789,12.12,1300882240,5072306258.04,5965585393.92,25.8243465423584,36494459,093130,132045,7,2/2,2,中药Ⅱ,20260827
17,600378,昊华科技,10.011350631713867,48.46,1436979568,51976517490.98,62513381391.36,2.788278341293335,197313952,093136,093339,2,1/1,1,化学制品,20260827
18,600721,百花医药,10.026385307312012,16.68,2746713040,6414254551.8,6414254501.76,43.45110321044922,42637149,093150,143935,13,1/1,1,医疗服务,20260827
19,000017,深中华A,10.042283058166504,10.41,605589536,4588956509.91,7174415100.4800005,13.514057159423828,45440691,093224,093536,2,6/6,6,饰品,20260827
20,000951,中国重汽,10.024569511413574,22.39,692269440,26173796952.89,26173796796.16,2.6544041633605957,58101154,093227,101100,9,1/1,1,商用车,20260827
21,600359,新农开发,10.014727592468262,7.47,182766853,2849900765.4,2849900735.52,6.4499945640563965,40110493,093258,095816,1,1/1,1,种植业,20260827
22,002418,康盛股份,10.089685440063477,4.91,1227785888,5579724000.0,5579724000.0,22.533653259277344,86280007,093415,094642,2,3/3,3,家电零部,20260827
23,002072,凯瑞德,10.012360572814941,8.9,361420288,3271033020.0,3272352000.0,11.205681800842285,38225491,093427,100648,4,2/2,2,贸易Ⅱ,20260827
24,002886,沃特股份,9.99083423614502,24.0,777510304,5017875936.0,6316885560.0,15.713293075561523,122493600,093433,094648,5,1/1,1,塑料,20260827
25,603618,杭电股份,9.993734359741211,35.11,2296869920,24274197877.76,24274197877.76,9.688009262084961,347233967,093513,093528,1,2/2,2,电网设备,20260827
26,600127,金健米业,10.0,10.78,1367268928,6918423090.04,6918423068.48,20.32373809814453,189199036,093516,093610,1,9/6,1,农产品加,20260827
27,603261,立航科技,10.001873016357422,58.73,100856416,4551869942.059999,4551869942.059999,2.2703044414520264,70981078,093542,093542,0,1/1,1,航空装备,20260827
28,600654,中安科,10.0,3.3,326401392,7647525015.9,9389851891.199999,4.36924409866333,80570820,093837,093837,0,1/1,1,软件开发,20260827
29,300368,汇金股份,19.950124740600586,9.62,606935392,5088436229.5,5088436200.639999,12.344393730163574,80192329,093921,094330,1,1/1,1,计算机设,20260827
30,600095,湘财股份,10.034602165222168,9.54,1916435920,27276651068.219997,27276651077.76,7.123424053192139,65334690,093941,130241,10,2/2,2,证券Ⅱ,20260827
31,603900,莱绅通灵,10.01540756225586,7.14,192416318,2447048217.6,2448333417.6,8.085417747497559,72769023,093959,094035,1,1/1,1,饰品,20260827
32,603938,三孚股份,10.007340431213379,44.96,573853728,17202797385.12,17202797340.16,3.421219825744629,76888029,094120,094547,1,1/1,1,化学原料,20260827
33,601869,长飞光纤,9.99948501586914,426.82,6145393408,173433319181.48,353366456489.27997,3.6318209171295166,339458482,094919,102555,1,1/1,1,通信设备,20260827
34,002953,日丰股份,10.0,11.88,216500101,3341710563.84,5839966218.240001,6.712627410888672,46847295,095042,095042,0,1/1,1,电网设备,20260827
35,603002,宏昌电子,10.019518852233887,16.91,966065520,19177267587.19,19177267637.920002,5.172560691833496,135985147,095201,095201,0,1/1,1,电子化学,20260827
36,600683,京投发展,9.960159301757812,11.04,458229824,8178184670.879999,8178184703.999999,5.741618633270264,71743440,095429,095820,1,1/1,1,房地产开,20260827
37,603580,艾艾精工,10.0,80.52,657379104,10521806064.0,10521806064.0,6.460948467254639,61704730,095533,095533,0,1/1,1,塑料,20260827
38,000586,汇源通信,10.0,14.41,146846822,2755047900.0,2787470400.0,5.471887111663818,17351081,095542,095542,0,1/1,1,通信设备,20260827
39,002980,华盛昌,10.003233909606934,102.05,1112099584,10336319878.949999,19227365409.2,11.051597595214844,77897622,095824,103815,1,1/1,1,电网设备,20260827
40,002536,飞龙股份,10.0,54.23,3302729424,29572848339.87,31170638706.239998,11.430900573730469,120383007,095951,133730,3,1/1,1,汽车零部,20260827
41,301399,英特科技,20.0,21.24,354092608,1161479366.6399999,3929824799.9999995,31.769506454467773,28386261,100015,104636,1,1/1,1,通用设备,20260827
42,600162,香江控股,9.932279586791992,4.87,634967808,15917293654.140001,15917293683.36,4.132994174957275,73617842,100621,100621,0,1/1,1,房地产开,20260827
43,600108,亚盛集团,9.883721351623535,3.78,549522688,7359339157.379999,7359339153.599999,7.700608253479004,54726053,100835,100835,0,1/1,1,种植业,20260827
44,600969,郴电国际,10.0,10.45,367645168,3867027557.7999997,3867027515.9999995,9.928468704223633,18546242,100924,100954,1,2/2,2,电力,20260827
45,603137,恒尚节能,9.990999221801758,24.44,447107808,4470890682.96,4470890682.96,10.327447891235352,76224718,101110,101325,1,1/1,1,装修装饰,20260827
46,300456,赛微电子,20.012954711914062,37.06,2873362736,22145675885.600002,27135818820.16,13.720868110656738,174117404,101324,102627,2,1/1,1,半导体,20260827
47,603435,嘉德利,10.010319709777832,53.3,184840163,1902145988.6,24473629668.8,9.987914085388184,41764440,101801,101837,1,1/1,1,电子化学,20260827
48,688790,昂瑞微-UW,20.004207611083984,114.1,206636788,1446305699.3,11356565600.8,14.78150463104248,35146565,101856,101856,0,1/1,1,半导体,20260827
49,301591,肯特股份,20.0,50.4,779741936,2252615299.2,5511542400.0,36.72898483276367,81255434,101948,101948,0,1/1,1,塑料,20260827
50,600397,江钨装备,10.0,19.03,1880122960,18838936554.460003,18838936668.64,10.357230186462402,123457125,102342,102342,0,1/1,1,专用设备,20260827
51,920895,花溪科技,30.000001907348633,16.25,107431846,466974625.0,918515000.0,24.688417434692383,11112253,102348,110203,3,1/1,1,专用设备,20260827
52,002134,天津普林,10.0145845413208,22.63,252642281,5582969905.4,5608116723.48,4.653747081756592,61451765,102642,102642,0,1/1,1,元件,20260827
53,002190,成飞集成,10.0,25.52,561663456,9154772833.36,9154772858.88,6.271623134613037,56653072,102745,103921,1,1/1,1,汽车零部,20260827
54,001232,嘉立创,10.0,162.03,1378644400,7162787134.47,90017386800.0,19.627971649169922,68367100,103006,103006,0,1/1,1,元件,20260827
55,605258,协和电子,10.0,31.9,142686571,2807200000.0,2807200000.0,5.262018203735352,7981380,103318,103457,2,1/1,1,元件,20260827
56,002636,金安国纪,10.0,69.41,3480428432,50274733093.97,50530480000.0,7.158946514129639,143025413,103518,104139,1,1/1,1,元件,20260827
57,603269,海鸥股份,9.983633041381836,20.16,518272624,8708021078.4,8708021038.08,6.172569751739502,67615208,104206,110530,2,1/1,1,通用设备,20260827
58,603011,合锻智能,10.021882057189941,25.14,1242142160,12429578946.18,12429578820.48,10.520084381103516,100343796,104248,104551,1,1/1,1,专用设备,20260827
59,688300,联瑞新材,20.0,186.24,3769790832,44971221945.6,44971221945.6,9.044734001159668,86159093,104920,111947,2,1/1,1,非金属材,20260827
60,000962,东方钽业,9.996177673339844,57.55,1944087376,28948863038.899998,30351016418.399998,6.928344249725342,256950045,105009,132615,1,1/1,1,小金属,20260827
61,600330,天通股份,10.0,29.15,3703383328,35954613226.4,35954613226.4,10.619941711425781,101934518,105345,133012,3,1/1,1,电子化学,20260827
62,002515,金字火腿,10.0,8.58,1334343840,9453889507.92,10387069492.8,14.415165901184082,28578264,110454,142706,9,1/1,1,食品加工,20260827
63,600641,先导基电,9.99676513671875,34.0,1955765904,31641417280.0,32193441280.0,6.446401119232178,139711168,110950,132317,2,1/1,1,半导体,20260827
64,002824,和胜股份,10.020618438720703,26.68,601256576,6034379148.4,8302091157.76,10.391422271728516,63882592,111351,111351,0,1/1,1,工业金属,20260827
65,601208,东材科技,9.991039276123047,49.1,3775172928,49599982501.3,49599982550.4,7.83565092086792,106395330,130016,133034,2,1/1,1,塑料,20260827
66,002628,成都路桥,10.0,5.28,402978240,3988179143.52,3997490196.48,10.288764953613281,7278955,130042,140818,5,1/1,1,基础建设,20260827
67,002852,道道全,10.024752616882324,8.89,169845649,2540928651.94,3057878222.5600004,6.912317276000977,49623908,130930,135009,1,1/1,1,农产品加,20260827
68,000592,平潭发展,10.016155242919922,6.81,1942472784,13041779577.689999,13155427901.759998,15.331869125366211,72696750,131242,143548,2,1/1,1,林业Ⅱ,20260827
69,601233,桐昆股份,9.98307991027832,26.0,1683373696,61741477720.0,61854038688.0,2.815061569213867,37908000,132210,133934,1,1/1,1,炼化及贸,20260827
70,603093,南华期货,10.008136749267578,13.52,759566496,11925167144.8,14035714234.88,6.702669143676758,55862814,132341,132341,0,1/1,1,多元金融,20260827
71,603319,美湖股份,10.01120662689209,29.45,603684144,9987958017.1,9987958076.0,6.303375720977783,88822967,142112,142112,0,1/1,1,汽车零部,20260827
72,603688,石英股份,10.006401062011719,51.56,1040093616,27928932580.84,27928932529.280003,3.850856304168701,143885914,142429,142429,0,1/1,1,非金属材,20260827
73,001309,德明利,10.000255584716797,429.76,8762050048,70922886247.04,97487991811.2,12.71619987487793,172055705,143024,143433,1,1/1,1,半导体,20260827
74,688368,晶丰明源,20.0,140.28,794789888,17353617258.6,28590030809.760002,4.968150615692139,19339982,143148,143148,0,1/1,1,半导体,20260827
75,002396,星网锐捷,9.993403434753418,33.35,3237273232,25259793785.100002,25364488172.8,13.514585494995117,160023305,143639,143639,0,1/1,1,通信设备,20260827
76,600345,长江通信,9.993660926818848,52.06,925162400,11013777001.82,17159607383.68,8.704469680786133,139637935,144252,144252,0,1/1,1,通信设备,20260827
77,605288,凯迪股份,10.0,63.14,182845287,6205303037.78,6230182975.94,3.055814504623413,33127032,144749,144749,0,1/1,1,自动化设,20260827
1,002084,海鸥住工,10.11494255065918,4.79,15938581,3087798977.18,3094608469.92,0.5161793828010559,327258667,092500,092500,0,3/3,3,家居用品,20260826
2,002855,捷荣技术,10.0,12.1,27442800,2979349507.2,2981678152.2,0.921100378036499,96739500,092500,092500,0,2/2,2,消费电子,20260826
3,002742,冀衡医药,10.04273509979248,5.15,66286556,2698193783.4500003,3523125547.2000003,2.4567010402679443,115237038,092500,092500,0,2/2,2,化学制药,20260826
4,002418,康盛股份,10.123456954956055,4.46,529807968,5068344000.0,5068344000.0,10.453725814819336,115310610,092500,092500,0,2/2,2,家电零部,20260826
5,002366,融发核电,10.052909851074219,6.24,499945952,11546607696.0,12985050923.52,4.330522537231445,166007712,092500,095836,1,1/1,1,其他电源,20260826
6,603396,金辰股份,10.019342422485352,28.44,115390295,3939721474.32,3939721474.32,2.9288947582244873,64817092,092504,092504,0,1/1,1,光伏设备,20260826
7,301630,同宇新材,19.998779296875,196.81,873589280,4129014757.0,11021360000.0,21.340423583984375,18307266,093000,133645,11,1/1,1,电子化学,20260826
8,605277,新亚电子,10.019776344299316,16.69,175989461,6445613109.280001,6488828726.56,2.7314391136169434,64569237,093001,093001,0,1/1,1,消费电子,20260826
9,600479,千金药业,9.980039596557617,11.02,245578988,4611948429.34,5424154376.32,5.326394557952881,94867157,093003,093003,0,1/1,1,中药Ⅱ,20260826
10,600468,百利电气,10.050251007080078,6.57,293780928,7146421058.97,7146421104.96,4.1284990310668945,59070213,093046,093125,1,1/1,1,电网设备,20260826
11,688185,康希诺,20.0,85.62,466118176,9792607783.62,21151890241.620003,4.819250106811523,243914341,093054,093054,0,1/1,1,生物制品,20260826
12,002703,浙江世宝,10.018903732299805,17.46,1269404880,10232399372.04,14363161424.640001,12.542306900024414,118956743,093112,094242,3,2/2,2,汽车零部,20260826
13,605169,洪通燃气,10.017730712890625,12.41,77086801,3510540800.0,3510540800.0,2.212069511413574,50667845,093119,093146,1,1/1,1,燃气Ⅱ,20260826
14,002963,豪尔赛,9.990157127380371,22.35,229247023,3337756531.9500003,3360544435.5,6.938169002532959,47733230,093145,130812,2,2/2,2,装修装饰,20260826
15,603618,杭电股份,9.993108749389648,31.92,2521501088,22068709662.72,22068709662.72,11.494242668151855,298482164,093228,100301,2,1/1,1,电网设备,20260826
16,000536,华映科技,10.122699737548828,3.59,294204624,9919466232.44,9930057752.0,2.9953668117523193,66844579,093336,095545,1,1/1,1,光学光电,20260826
17,600604,市北高新,9.913793563842773,5.1,489741216,7178019500.4,9553854480.0,6.909062385559082,37519170,093441,134841,4,3/2,1,房地产开,20260826
18,600371,万向德农,10.034602165222168,9.54,452229232,2791194119.9999995,2791194119.9999995,16.52392578125,34980985,093512,105324,5,7/4,2,种植业,20260826
19,600103,青山纸业,10.158730506896973,3.47,755668976,7676781793.09,7775668829.440001,10.177248001098633,124279247,093544,093632,1,2/2,2,造纸,20260826
20,000890,法尔胜,10.068965911865234,7.98,140872542,3347538547.0800004,3347641664.6400003,4.327672958374023,82063926,093621,093621,0,1/1,1,环保设备,20260826
21,002949,华阳国际,9.967845916748047,13.68,290601696,2078342700.48,2682482280.48,14.394020080566406,54428629,093636,095248,5,2/2,2,工程咨询,20260826
22,601038,一拖股份,9.97697639465332,14.33,289921072,10485336590.75,16101836862.4,2.7993850708007812,19709482,093641,143929,3,1/1,1,专用设备,20260826
23,605162,新中港,10.0,9.9,261407473,4384178478.900001,4384178409.6,6.135110855102539,73455723,093739,093739,0,1/1,1,电力,20260826
24,603392,万泰生物,10.0,30.91,244864110,39082381571.64,39082381448.0,0.6411604881286621,71255215,093750,093817,1,1/1,1,医疗器械,20260826
25,002047,宝鹰股份,10.0,3.63,186794782,5503656941.309999,5503982737.44,3.449509859085083,72152421,093757,094830,1,1/1,1,装修装饰,20260826
26,000428,华天酒店,9.953703880310059,4.75,212861590,4839898500.0,4839898500.0,4.549842357635498,98759273,093906,093906,0,2/2,2,酒店餐饮,20260826
27,002942,新农股份,9.993634223937988,17.28,100050865,2397739674.2400002,2686706841.6000004,4.219804763793945,57377721,093936,093936,0,1/1,1,农化制品,20260826
28,600272,开开实业,10.010427474975586,21.1,1142225840,3376000000.0,5541956039.5,34.564395904541016,42566127,094048,135706,7,15/8,1,医药商业,20260826
29,600227,赤天化,9.973752975463867,4.19,1094496784,5353143174.570001,7075768979.200001,21.012868881225586,73231982,094502,110917,2,1/1,1,农化制品,20260826
30,002295,精艺股份,10.032715797424316,10.09,66118341,2526808430.0,2528715440.0,2.6722769737243652,45419126,094524,094551,1,1/1,1,工业金属,20260826
31,000712,锦龙股份,10.045146942138672,9.75,508504992,8733407718.75,8736000000.0,5.940485000610352,189962555,094554,101057,1,1/1,1,证券Ⅱ,20260826
32,603979,金诚信,10.00408935546875,80.71,513267616,50346299131.799995,50346298808.96,1.0373764038085938,123558939,094734,094734,0,1/1,1,工业金属,20260826
33,000997,新 大 陆,9.994683265686035,20.69,1852710336,20843920792.89,20960995964.800003,8.973761558532715,57309375,095033,134812,5,1/1,1,计算机设,20260826
34,603121,华培动力,10.023866653442383,13.83,151640238,4681921278.45,4681921236.96,3.312885284423828,22733754,095052,095119,1,1/1,1,汽车零部,20260826
35,600362,江西铜业,10.011324882507324,48.57,4149840400,100794766460.85,168184767346.56,4.214364528656006,206654567,095059,095141,1,1/1,1,工业金属,20260826
36,603200,上海洗霸,9.99742317199707,42.69,736903392,7491245597.07,7491245597.07,10.189713478088379,86635086,095530,100948,1,3/2,1,环境治理,20260826
37,002721,金一文化,10.0,3.08,545832864,8190886134.2,8190886112.64,6.848200798034668,85352344,095618,095951,2,1/1,1,饰品,20260826
38,000017,深中华A,10.0,9.46,961828272,4170175656.4600005,6519689418.88,24.108531951904297,61238647,100024,100224,2,5/5,5,饰品,20260826
39,301177,迪阿股份,20.00835418701172,28.73,203489782,11492287300.0,11499887649.12,1.9006361961364746,69398119,101609,101609,0,1/1,1,饰品,20260826
40,600095,湘财股份,10.02538013458252,8.67,685897776,24789157731.81,24789157740.48,2.857417106628418,101070048,101846,101907,1,1/1,1,证券Ⅱ,20260826
41,601212,白银有色,10.030394554138184,7.24,4031968832,53610567459.64,53610566656.0,7.878591060638428,106216490,102221,102221,0,4/3,1,工业金属,20260826
42,003040,楚天龙,10.012920379638672,17.03,1769610160,7780159893.740001,7853145535.040001,23.801273345947266,34776963,102615,110427,8,4/4,4,通信设备,20260826
43,002094,青岛金王,9.922179222106934,5.65,558150448,3901062551.8500004,3903571168.8,14.992460250854492,38394575,102739,102739,0,2/2,2,家居用品,20260826
44,603106,恒银科技,10.067113876342773,8.2,415275216,4268263999.9999995,4268263999.9999995,10.017557144165039,11161020,103837,131652,3,1/1,1,计算机设,20260826
45,603083,剑桥科技,10.0,190.85,4995730432,52596040987.049995,70280582732.8,9.790493965148926,244308039,104345,104345,0,1/1,1,通信设备,20260826
46,600969,郴电国际,9.953703880310059,9.5,151658055,3515479598.0,3515479560.0,4.431390285491943,15963800,110059,110059,0,1/1,1,电力,20260826
47,000533,顺钠股份,10.047392845153809,11.61,872307984,7951716864.0,8020373760.0,11.515205383300781,136443088,110342,110342,0,1/1,1,电网设备,20260826
48,603118,共进股份,10.030769348144531,17.88,2171553472,14076502139.279999,14076502032.0,16.063434600830078,72009912,111431,111431,0,1/1,1,通信设备,20260826
49,002072,凯瑞德,10.068026542663574,8.09,235578357,2973332262.0,2974531200.0,8.141404151916504,26921084,112736,143606,1,1/1,1,贸易Ⅱ,20260826
50,001268,联合精密,9.991039276123047,24.55,334009008,2315988497.35,3699750474.85,15.183320999145508,30613850,130051,130051,0,3/2,1,家电零部,20260826
51,001258,立新能源,10.008136749267578,13.52,1586435696,12618508153.68,12618666594.56,13.539796829223633,159609602,131451,131451,0,1/1,1,电力,20260826
52,603615,茶花股份,9.988180160522461,18.61,167100707,4500270200.0,4500270200.0,3.8258790969848633,89442618,131847,131847,0,1/1,1,家居用品,20260826
1,002084,海鸥住工,10.126582145690918,4.35,11115020,2804159822.7,2810343808.7999997,0.3963761329650879,195710950,092500,092500,0,2/2,2,家居用品,20260825
2,002445,中南文化,10.089020729064941,3.71,20938572,8778803167.33,8817213958.56,0.2385128289461136,233229075,092500,092500,0,2/2,2,通用设备,20260825
3,000017,深中华A,9.974424362182617,8.6,497483920,3791068778.6,5926990380.8,13.12454891204834,122828863,092500,095812,1,4/4,4,饰品,20260825
4,600984,建设机械,10.022271156311035,4.94,68324152,6209796989.500001,6209796964.8,1.1002638339996338,162802195,092502,092502,0,2/2,2,工程机械,20260825
5,002880,卫光生物,10.0,22.55,78240666,5114340000.0,5114340000.0,1.539973497390747,23159977,093012,093012,0,4/2,1,生物制品,20260825
6,600508,上海能源,10.020242691040039,10.87,423240480,10998322524.0,10998322524.0,3.862980842590332,33752002,093029,102544,1,2/2,2,煤炭开采,20260825
7,000428,华天酒店,9.923664093017578,4.32,76787310,4401760320.0,4401760320.0,1.779201865196228,93092302,093148,093148,0,1/1,1,酒店餐饮,20260825
8,600127,金健米业,10.047281265258789,9.31,2715416624,5975001759.58,5975001740.96,46.16722869873047,28919857,093154,145503,7,7/5,1,农产品加,20260825
9,605303,园林股份,10.014443397521973,22.85,83424017,3684274772.8,3684274772.8,2.2837131023406982,76101925,093212,093512,2,1/1,1,基础建设,20260825
10,000796,凯撒旅业,10.0,4.18,167037951,5562584888.299999,6703837652.16,3.0495293140411377,42638090,093251,093315,1,1/1,1,旅游及景,20260825
11,002949,华阳国际,9.991158485412598,12.44,266158340,1889954911.84,2439333301.8399997,14.240029335021973,7777488,093315,111933,10,1/1,1,工程咨询,20260825
12,600371,万向德农,10.02538013458252,8.67,406261424,2536651260.0,2536651260.0,16.272275924682617,46891660,093319,133249,4,6/3,1,种植业,20260825
13,300642,透景生命,20.0,16.2,178732721,2230830250.2,2628810304.2,8.18323040008545,53800200,093324,093324,0,1/1,1,医疗器械,20260825
14,600698,湖南天雁,9.969788551330566,7.28,230836543,6045688674.4800005,7779682659.84,3.8663458824157715,44127428,093410,093410,0,1/1,1,汽车零部,20260825
15,002041,登海种业,10.00981330871582,11.21,931125392,9864800000.0,9864800000.0,9.63973331451416,8143538,093415,144427,3,6/3,2,种植业,20260825
16,603360,百傲化学,9.984025001525879,13.77,157842229,9724699715.58,9724699632.96,1.651909589767456,34048321,093518,093533,1,1/1,1,农化制品,20260825
17,600470,六国化工,10.018552780151367,5.93,206076496,3093088000.0,3093088000.0,6.776531219482422,78405351,093523,093705,1,1/1,1,农化制品,20260825
18,003040,楚天龙,10.021322250366211,15.48,678449056,7072041993.84,7138384784.64,9.913867950439453,160849088,093548,093548,0,3/3,3,通信设备,20260825
19,600838,上海九百,10.013717651367188,8.02,110387309,3215073487.62,3215073511.68,3.4841597080230713,44266646,093650,093708,1,1/1,1,一般零售,20260825
20,600281,华阳新材,10.0217866897583,5.05,158661819,2597730226.25,2597730261.6,6.229799747467041,49350039,093946,101143,2,1/1,1,小金属,20260825
21,603095,越剑智能,9.993292808532715,16.4,291867280,4235614879.9999995,4235614879.9999995,7.050419330596924,71651600,094037,100352,1,10/5,1,专用设备,20260825
22,603079,圣达生物,9.97624683380127,13.89,213084522,2625621477.36,2625621477.36,8.403953552246094,93712357,094229,094229,0,8/4,1,化学制品,20260825
23,002742,冀衡医药,10.117647171020508,4.68,221288284,2451950855.64,3201597584.64,9.226219177246094,36986456,094306,094306,0,1/1,1,化学制药,20260825
24,002412,汉森制药,9.991079330444336,12.33,1236227040,6138428850.0,6204456000.0,21.265901565551758,117349788,094536,094536,0,5/5,5,中药Ⅱ,20260825
25,600829,人民同泰,10.139860153198242,3.15,513461552,6968836498.05,7058604268.8,7.509376525878906,33846772,094537,094537,0,1/1,1,医药商业,20260825
26,603395,红四方,10.019268035888672,28.55,375668736,1855750000.0,7423000000.0,20.862396240234375,93508244,094713,094713,0,7/4,1,农化制品,20260825
27,603113,金能科技,10.0401611328125,5.48,188585335,4649728575.68,4649728619.52,4.19357442855835,61131674,094836,094836,0,1/1,1,化学原料,20260825
28,002907,华森制药,9.993012428283691,15.74,254303035,5336578546.74,6572966076.8,4.9629011154174805,87843366,094906,094906,0,1/1,1,中药Ⅱ,20260825
29,000695,滨海能源,10.035842895507812,15.35,299793120,3404800983.65,3557395333.65,9.000675201416016,89465924,095300,095951,1,1/1,1,电池,20260825
30,000566,海南海药,9.955751419067383,4.97,489612704,6444776096.009999,6447904646.4,7.843836307525635,128748222,095403,095403,0,1/1,1,化学制药,20260825
31,688169,石头科技,20.0,135.0,2557389040,35039400930.0,35039400930.0,7.472938537597656,98149860,095450,100320,3,1/1,1,小家电,20260825
32,603318,水发燃气,9.989258766174316,10.24,739024992,4700886261.76,5679853731.84,16.243764877319336,88163624,095639,100548,2,3/2,1,燃气Ⅱ,20260825
33,600785,新华百货,9.990663528442383,11.78,783600368,3721111069.7599998,3721111069.7599998,22.599348068237305,32046547,095650,140008,1,3/3,3,一般零售,20260825
34,002703,浙江世宝,9.979209899902344,15.87,1159846928,9300582934.38,13055175934.08,12.889159202575684,62815586,095806,102206,5,1/1,1,汽车零部,20260825
35,600936,北投科技,9.935205459594727,5.09,477401360,8505523556.51,8505523561.599999,5.7351484298706055,87405067,095822,101801,2,1/1,1,IT服务Ⅱ,20260825
36,000779,甘咨询,10.0,10.01,608006768,4652444716.92,4652942854.559999,13.598295211791992,181897495,095830,095830,0,1/1,1,工程咨询,20260825
37,002081,金 螳 螂,10.0,5.5,1145819008,14543338502.0,14604280328.0,8.306427955627441,168428150,095945,095945,0,10/5,1,装修装饰,20260825
38,002418,康盛股份,10.05434799194336,4.05,374789456,4602408003.9,4602420000.0,8.320642471313477,51021944,100009,103621,1,1/1,1,家电零部,20260825
39,603637,镇海股份,10.039215087890625,14.03,162502906,3348762854.31,3348762854.31,4.995213508605957,82260696,100128,100304,1,4/2,1,专业工程,20260825
40,002837,英维克,10.009132385253906,60.23,5646530048,68255050801.39,76921638195.36,8.51327896118164,326130693,100548,111236,1,1/1,1,专用设备,20260825
41,002713,东易日盛,10.055248260498047,9.96,149460356,5243948276.76,9475995632.640001,2.991664409637451,38510340,101124,101136,1,1/1,1,装修装饰,20260825
42,000070,特发信息,9.993155479431152,16.07,833419104,13767603548.87,13955074610.08,6.255198001861572,121344570,101548,101548,0,1/1,1,通信设备,20260825
43,002686,亿利达,10.0,6.82,252138103,3565010811.56,3861750907.52,7.3277177810668945,36685462,101939,101939,0,3/2,1,通用设备,20260825
44,002947,恒铭达,10.001845359802246,59.61,687782592,11820886418.28,15246386274.96,6.042917251586914,111229577,103642,105100,2,1/1,1,消费电子,20260825
45,002094,青岛金王,10.064239501953125,5.14,185731183,3548931241.8599997,3551213417.2799997,5.409899711608887,28577886,103654,103654,0,1/1,1,家居用品,20260825
46,600829,人民同泰,9.978307723999023,10.14,416052672,5880070373.58,5880070322.88,7.338248252868652,108536146,105903,130618,1,1/1,1,医药商业,20260825
47,000560,我爱我家,10.138248443603516,2.39,657564176,5588862503.66,5629647026.72,12.181095123291016,67197414,111212,111212,0,1/1,1,房地产服,20260825
48,002855,捷荣技术,10.0,11.0,50633745,2708499552.0,2710616502.0,1.9347530603408813,36550800,111406,111406,0,1/1,1,消费电子,20260825
49,600714,金瑞矿业,10.006373405456543,17.26,420095184,4973922471.9800005,4973922454.72,9.202391624450684,72804233,130112,130112,0,1/1,1,化学原料,20260825
50,603687,大胜达,10.0,14.41,214250615,7925959160.24,7925959275.52,2.868920087814331,62349188,130115,130115,0,1/1,1,包装印刷,20260825
51,002821,凯莱英,10.001916885375977,172.23,2807272416,54604463663.34,62117069782.56,5.368891716003418,158255257,130142,130142,0,1/1,1,医疗服务,20260825
52,300922,天秦装备,19.988309860229492,20.53,331482032,2591422017.77,3302299361.4,13.68289566040039,47246510,130721,130721,0,1/1,1,地面兵装,20260825
53,300097,智云股份,20.045557022094727,10.54,453799968,2780772584.64,3121807522.8799996,17.701221466064453,30687210,130948,130948,0,1/1,1,自动化设,20260825
54,603758,秦安股份,9.981851577758789,12.12,485242720,5249366513.88,5249366501.759999,9.602992057800293,5992128,131301,145134,5,13/7,1,汽车零部,20260825
55,003018,金富科技,10.0,45.98,882941184,13081841206.939999,14435420264.32,7.1574578285217285,114700558,131336,131336,0,3/2,1,包装印刷,20260825
56,003021,兆威机电,10.006046295166016,72.78,416117024,15090157019.64,19473937467.0,2.884432792663574,76038797,131936,131936,0,1/1,1,电机Ⅱ,20260825
57,002963,豪尔赛,10.016242027282715,20.32,212936519,3034595647.84,3055313777.6,7.360971927642822,9889744,132521,132521,0,1/1,1,装修装饰,20260825
58,603217,元利科技,9.996126174926758,28.39,174897121,5907606964.0,5907606964.0,3.0933427810668945,84549309,133652,133652,0,1/1,1,化学制品,20260825
59,002451,摩恩电气,10.013531684875488,8.13,258714360,3570281370.0000005,3582647100.0000005,7.722817897796631,63191238,133654,133748,1,1/1,1,电网设备,20260825
60,002259,升达林业,9.973752975463867,4.19,114220104,3152255438.7300005,3152255459.6800003,3.7968430519104004,26255378,134645,134645,0,1/1,1,燃气Ⅱ,20260825
61,600172,黄河旋风,9.98427677154541,13.99,2449812112,17951948525.920002,20176160875.2,14.433436393737793,185911711,135018,135530,1,1/1,1,通用设备,20260825
62,000659,珠海中富,10.038609504699707,2.85,105634481,3664252182.0,3664252204.8,3.0228984355926514,27258255,140203,140203,0,1/1,1,包装印刷,20260825
63,002478,常宝股份,10.015897750854492,6.92,325471696,5002259451.96,6233565230.08,6.796586513519287,67019639,143318,143318,0,1/1,1,特钢Ⅱ,20260825
64,603912,佳力图,10.060606002807617,9.08,361157856,4924322713.2,4924322695.04,7.617812633514404,42120639,143419,143419,0,1/1,1,通用设备,20260825
65,600605,汇通能源,10.016555786132812,26.58,206951566,5482986962.82,5482986962.82,3.8956778049468994,9544878,144153,144153,0,1/1,1,一般零售,20260825
