code,name,industry,lianban,limit_up_date,prev_close,prev_pct,prev_amplitude,prev_turnover,prev_volume_ratio,limit_pct,limit_gap,pct_3d,pct_5d,up_days,ma_bullish,above_ma20,ma5,ma10,ma20
000635,英 力 特,化学原料,1,20260901,6.58,1.86,2.94,1.34,1.13,-0.3,-0.46,4.11,4.94,2,False,True,6.4,6.4,6.4
000892,欢瑞世纪,影视院线,2,20260901,3.91,3.17,7.65,9.3,2.16,9.97,3.32,4.55,4.55,1,False,False,3.78,3.81,3.95
002084,海鸥住工,家居用品,7,20260901,5.8,10.06,0.0,1.04,0.51,10.0,10.0,33.33,61.56,4,True,True,4.83,4.15,3.8
002679,福建金森,林业Ⅱ,3,20260901,10.67,10.0,10.62,5.52,3.2,10.03,10.03,11.26,15.6,4,True,True,9.77,9.48,9.18
003005,竞业达,IT服务Ⅱ,3,20260901,15.03,10.03,10.18,4.54,2.77,9.98,0.0,9.79,12.25,2,False,True,13.87,13.72,13.8
603721,中广天择,影视院线,2,20260901,17.36,-0.63,2.18,1.99,0.77,10.02,0.23,-3.5,-3.82,0,False,False,17.61,17.88,18.0
600892,大晟文化,游戏Ⅱ,2,20260901,4.02,0.75,2.76,4.57,0.89,9.95,0.25,3.08,4.96,1,False,True,3.95,3.88,3.91
300413,芒果超媒,数字媒体,2,20260901,14.15,-0.21,1.06,0.94,0.67,20.0,9.54,0.57,-5.85,0,False,False,14.1,14.62,15.36
600540,新赛股份,种植业,4,20260901,5.05,10.02,0.0,0.89,0.17,10.1,10.1,22.87,27.85,4,True,True,4.39,4.23,4.08
002855,捷荣技术,消费电子,6,20260901,14.64,9.99,0.0,2.08,1.83,9.97,2.46,33.09,44.24,4,True,True,12.21,11.13,10.54
002295,精艺股份,工业金属,1,20260901,9.85,-3.43,3.82,8.89,2.31,-2.03,-3.55,7.42,8.84,0,True,True,9.67,9.3,9.01
603980,吉华集团,化学制品,1,20260901,7.1,4.11,5.57,6.61,1.89,1.41,-0.14,8.4,7.25,3,False,True,6.79,6.82,6.85
603533,掌阅科技,数字媒体,2,20260901,20.54,-0.82,3.38,4.3,1.65,9.98,1.85,-1.72,-1.96,0,False,False,20.63,20.96,21.83
605577,龙版传媒,出版,2,20260901,9.65,0.84,2.4,1.04,0.68,10.05,-0.73,-3.4,-0.82,1,False,False,9.72,9.9,9.82
600551,时代出版,出版,3,20260901,7.5,9.97,4.84,2.73,4.69,10.0,-4.67,8.7,9.33,1,False,True,7.0,6.96,6.96
603221,爱丽家居,家居用品,1,20260901,29.1,1.57,7.26,7.54,0.99,-4.57,-1.96,8.1,10.81,2,False,True,27.7,27.76,22.97
002425,凯撒文化,游戏Ⅱ,1,20260901,3.18,0.32,2.21,2.91,0.93,2.83,-1.89,1.6,3.92,4,False,False,3.13,3.11,3.24
000505,京粮控股,农产品加,1,20260901,7.34,1.8,6.93,14.42,1.14,-4.09,0.14,5.16,8.9,4,True,True,7.04,6.99,6.35
601086,国芳集团,一般零售,3,20260901,8.34,10.03,8.18,2.7,2.55,9.95,9.95,9.59,11.05,2,False,True,7.69,7.71,7.85
600371,万向德农,种植业,6,20260901,11.54,10.01,0.0,1.68,0.14,9.97,9.97,33.1,49.1,4,True,True,9.62,8.9,8.0
002696,百洋股份,饲料,1,20260901,6.39,0.63,4.09,4.76,1.07,3.6,-0.63,1.27,7.39,2,True,True,6.28,6.2,5.99
000560,我爱我家,房地产服,3,20260901,2.64,10.0,6.25,10.62,1.12,9.85,9.85,10.46,18.39,1,True,True,2.4,2.33,2.28
002181,粤 传 媒,出版,1,20260901,8.42,0.0,1.78,1.6,1.03,3.44,-0.95,0.72,1.81,0,False,False,8.32,8.45,8.82
000019,深粮控股,农产品加,1,20260901,7.32,2.09,6.28,8.53,1.16,-1.64,0.0,10.08,15.09,4,True,True,6.88,6.77,6.46
002104,恒宝股份,通信设备,1,20260901,11.66,-1.35,3.21,10.01,0.61,-4.29,-1.97,2.91,8.57,0,True,True,11.55,10.8,10.79
600693,东百集团,一般零售,1,20260901,9.56,2.25,3.64,6.13,1.02,-2.62,-0.1,6.7,6.82,2,False,True,9.06,9.16,9.49
605365,立达信,照明设备,1,20260901,14.51,1.75,6.66,1.92,1.27,-1.86,-2.27,1.4,4.84,2,True,True,14.32,14.11,13.96
600313,农发种业,种植业,1,20260901,7.5,3.73,7.88,16.53,1.31,-4.27,2.4,6.99,15.38,2,True,True,7.04,6.87,6.31
002172,澳洋健康,医疗服务,1,20260901,4.5,-4.66,8.05,23.87,0.88,-4.22,-2.22,-2.6,11.39,0,True,True,4.6,4.5,4.03
600828,茂业商业,一般零售,1,20260901,4.09,1.74,3.73,0.79,1.08,-2.93,0.24,1.49,3.81,2,True,True,4.0,3.97,3.97
605188,国光连锁,一般零售,1,20260901,13.37,10.04,10.53,2.32,2.77,1.87,5.39,10.95,8.43,2,False,True,12.34,12.54,12.7
600127,金健米业,农产品加,1,20260901,11.77,9.18,10.11,45.07,1.14,2.29,0.17,26.42,43.54,4,True,True,10.02,8.83,7.41
000711,京蓝科技,环境治理,1,20260901,6.25,0.32,2.89,3.56,0.67,-5.76,-0.64,-5.3,2.29,2,True,True,6.34,6.19,5.81
600830,香溢融通,多元金融,1,20260901,8.42,-0.36,1.54,0.92,0.79,-0.36,-0.48,0.96,3.44,0,True,True,8.38,8.24,8.16
000564,供销大集,一般零售,1,20260901,1.56,2.63,5.26,3.03,1.63,-3.21,0.64,7.59,9.09,4,False,True,1.48,1.49,1.46
600785,新华百货,一般零售,1,20260901,12.42,6.61,13.73,25.13,1.71,-7.33,0.0,5.43,27.52,2,True,True,11.6,10.36,9.59
002470,金正大,农化制品,1,20260901,2.16,3.85,8.17,7.2,1.85,-2.31,0.0,9.64,11.34,4,True,True,2.03,2.0,1.98
002945,华林证券,证券Ⅱ,1,20260901,14.72,-0.2,3.19,0.75,1.54,-0.95,-0.68,6.59,5.14,0,False,True,14.24,14.18,14.46
002882,金龙羽,电网设备,1,20260901,22.03,-1.43,2.42,3.76,0.58,-1.91,-2.5,-0.68,1.99,0,False,False,22.55,22.0,22.25
600354,敦煌种业,种植业,1,20260901,8.21,10.05,10.05,20.6,1.12,0.97,9.99,15.8,27.68,2,True,True,7.28,6.99,6.55
300189,神农种业,种植业,1,20260901,6.62,-0.15,13.27,40.66,1.22,-4.98,1.36,6.26,18.43,0,True,True,6.28,6.1,5.45
920855,浙江大农,专用设备,1,20260901,13.51,5.55,12.89,3.47,5.36,-4.22,-1.11,8.95,9.84,2,False,True,12.64,12.64,12.53
605300,佳禾食品,饮料乳品,1,20260901,9.85,1.86,3.0,0.67,1.25,-1.02,0.3,0.31,2.82,1,False,True,9.73,9.77,9.79
600121,郑州煤电,煤炭开采,2,20260901,4.46,4.45,5.62,9.26,1.15,10.09,0.9,6.7,12.34,2,True,True,4.23,4.11,4.05
002041,登海种业,种植业,1,20260901,11.2,-0.27,9.44,11.49,1.28,-3.57,2.68,-0.09,20.95,0,True,True,10.92,10.27,9.54
000721,西安饮食,酒店餐饮,1,20260901,6.95,1.02,2.47,3.6,0.82,-0.72,0.58,3.89,8.26,1,True,True,6.78,6.66,6.64
603123,翠微股份,多元金融,1,20260901,9.7,-2.12,3.13,4.38,0.45,-2.16,0.82,-1.92,2.54,0,False,True,9.87,9.44,9.45
002703,浙江世宝,汽车零部,1,20260901,16.58,-1.72,3.91,11.1,0.92,0.0,-1.99,4.87,21.91,0,True,True,16.21,15.2,15.18
603376,大明电子,汽车零部,1,20260901,25.77,-1.15,1.5,3.68,0.42,0.47,-0.93,-4.2,-4.2,0,False,False,26.24,26.64,26.38
002721,金一文化,饰品,1,20260901,3.06,2.34,6.69,8.78,1.13,-5.56,-5.23,9.29,12.09,1,True,True,2.96,2.79,2.79
605068,明新旭腾,汽车零部,1,20260901,17.71,1.66,2.18,2.15,0.96,4.63,0.17,0.62,3.03,1,False,False,17.43,17.6,19.02
003040,楚天龙,通信设备,1,20260901,18.5,-1.23,10.2,28.41,1.96,-3.78,-2.0,19.51,44.64,0,True,True,16.76,14.24,13.15
000998,隆平高科,种植业,1,20260901,9.25,1.65,4.18,5.1,1.09,-2.05,1.19,3.7,10.78,2,True,True,8.95,8.87,8.56
603293,埃泰克,汽车零部,1,20260901,35.92,1.04,2.05,4.2,1.66,-0.17,-0.92,1.1,2.92,2,False,False,35.42,35.63,36.28
002015,协鑫能科,电力,1,20260901,16.01,-4.25,5.38,7.77,1.0,-1.06,-1.69,0.82,13.14,0,False,True,16.26,15.36,15.56
601566,九牧王,服装家纺,1,20260901,8.4,0.36,1.31,0.88,1.16,1.9,0.36,0.0,0.36,1,False,False,8.37,8.43,8.47
600792,云煤能源,焦炭Ⅱ,1,20260901,3.96,1.8,3.6,1.88,0.76,1.52,0.51,3.66,8.2,4,True,True,3.85,3.76,3.7
000596,古井贡酒,白酒Ⅱ,1,20260901,93.9,1.88,3.88,0.94,1.17,-2.33,0.03,3.35,3.59,1,False,True,91.95,92.72,93.72
603207,小方制药,化学制药,1,20260901,23.25,-1.27,1.78,4.0,0.61,-0.69,-1.08,-0.34,-0.9,0,False,False,23.26,23.72,23.45
300927,江天化学,化学原料,1,20260901,31.44,2.04,12.33,18.31,1.1,-7.44,-1.4,10.32,16.4,1,True,True,30.27,27.36,24.68
001330,博纳影业,影视院线,2,20260901,5.1,-0.2,2.54,3.39,0.68,10.0,-0.2,3.45,6.25,0,False,True,4.98,4.92,5.07
600967,内蒙一机,地面兵装,1,20260901,11.1,-1.16,1.69,1.29,1.61,-0.18,0.63,0.73,2.68,0,False,False,11.07,11.04,11.36
002291,遥望科技,广告营销,1,20260901,5.2,0.39,1.54,2.28,1.26,5.0,-1.15,0.19,0.58,1,False,False,5.17,5.23,5.42
600318,新力金融,多元金融,1,20260901,6.88,-0.86,2.45,2.92,1.06,-1.02,-0.29,4.4,6.34,0,True,True,6.72,6.6,6.59
002349,精华制药,中药Ⅱ,1,20260901,7.89,10.04,11.02,5.19,2.73,-3.68,3.42,12.71,14.02,4,True,True,7.19,7.13,7.0
920895,花溪科技,专用设备,1,20260901,21.12,29.97,36.55,38.17,5.9,-4.12,-2.13,67.22,71.15,2,True,True,14.96,13.92,13.35
002107,沃华医药,中药Ⅱ,1,20260901,7.23,10.05,11.57,5.43,2.75,-7.33,-2.63,14.4,15.68,4,True,True,6.52,6.44,6.29
000536,华映科技,光学光电,1,20260901,3.54,0.85,3.42,4.0,1.55,1.69,-1.13,8.59,9.94,1,False,True,3.41,3.31,3.31
002909,集泰股份,化学制品,2,20260901,5.47,1.86,3.72,3.76,1.97,10.05,-0.73,3.01,4.79,2,True,True,5.32,5.26,5.17
600103,青山纸业,造纸,1,20260901,3.85,0.79,10.47,33.8,5.94,-1.04,-4.94,22.22,33.68,4,True,True,3.43,3.17,3.08
002955,鸿合科技,光学光电,1,20260901,33.63,-1.06,3.0,1.78,0.94,5.74,-2.32,-4.05,-4.51,0,False,False,34.2,34.78,34.46
600410,华胜天成,IT服务Ⅱ,1,20260901,13.53,-1.02,3.22,3.77,1.23,2.29,-2.22,1.27,-0.22,0,False,False,13.37,13.82,14.71
600479,千金药业,中药Ⅱ,1,20260901,13.33,9.98,12.62,25.62,3.57,-8.85,-3.98,33.03,36.58,4,True,True,11.26,10.59,10.23
002769,普路通,物流,1,20260901,7.16,1.56,3.12,1.45,0.96,-0.28,-0.28,1.56,2.43,1,True,True,7.05,7.0,6.99
000011,深物业A,房地产开,2,20260831,9.15,9.98,10.7,2.3,1.96,10.05,10.05,12.96,13.1,4,True,True,8.33,8.25,8.2
000965,天保基建,房地产开,1,20260831,3.29,2.49,4.36,1.87,1.44,10.03,10.03,2.17,4.44,1,True,True,3.22,3.19,3.18
002133,广宇集团,房地产开,1,20260831,2.82,1.44,3.24,1.52,0.97,9.93,9.93,1.08,4.44,1,True,True,2.77,2.74,2.7
002375,亚厦股份,装修装饰,1,20260831,3.7,0.54,1.63,0.79,0.9,10.0,5.68,0.54,2.78,1,True,True,3.67,3.65,3.61
002886,沃特股份,塑料,3,20260831,26.4,10.0,0.0,2.03,0.15,10.0,4.58,24.18,24.29,4,True,True,22.79,21.52,20.44
002098,浔兴股份,纺织制造,1,20260831,7.41,1.79,2.75,1.0,1.12,9.99,7.42,3.49,4.81,4,True,True,7.21,7.16,7.01
000712,锦龙股份,证券Ⅱ,4,20260831,11.8,9.97,0.0,1.69,0.41,10.0,8.98,33.18,37.53,3,True,True,10.04,9.38,9.37
002534,西子洁能,其他电源,1,20260831,15.02,-0.53,3.31,1.07,1.2,9.99,0.53,1.28,-2.34,0,False,False,15.02,15.34,15.45
002169,智光电气,电网设备,1,20260831,12.19,-0.81,2.12,1.58,0.85,10.01,4.1,-0.25,-3.02,0,False,False,12.22,12.56,12.61
600691,潞化科技,农化制品,2,20260831,2.94,10.11,10.86,3.41,2.22,9.86,4.76,13.08,14.84,1,True,True,2.69,2.6,2.54
001221,悍高集团,家居用品,1,20260831,37.52,-1.91,1.8,3.0,0.82,9.99,0.67,-1.91,-9.11,0,False,False,38.05,39.95,39.97
601882,海天精工,通用设备,1,20260831,19.92,-0.6,2.3,0.95,1.12,9.99,4.67,0.61,-0.9,0,False,False,19.87,20.26,20.16
600110,诺德股份,电池,1,20260831,10.94,-5.69,4.4,12.39,0.86,9.96,-1.1,-2.76,1.86,0,True,True,11.3,10.83,10.31
603270,金帝股份,通用设备,1,20260831,27.5,-1.96,4.74,5.41,1.27,10.0,4.91,-2.83,-1.33,0,False,False,27.85,28.2,27.56
600227,赤天化,农化制品,2,20260831,4.58,10.1,11.06,28.89,1.35,10.04,2.4,20.21,15.95,1,True,True,4.14,3.93,3.66
603269,海鸥股份,通用设备,3,20260831,22.18,10.02,5.95,3.59,0.69,10.01,1.8,20.35,24.54,2,True,True,19.47,18.64,16.73
605287,德才股份,装修装饰,1,20260831,37.8,2.0,6.5,2.92,1.56,10.0,2.78,-2.53,-3.74,1,False,False,37.89,38.56,38.36
603216,梦天家居,家居用品,1,20260831,20.59,0.0,2.91,1.07,0.79,10.0,0.92,-1.58,-2.23,0,False,False,20.67,20.77,20.75
601330,绿色动力,环境治理,1,20260831,7.1,0.42,1.27,0.77,1.38,10.0,5.35,0.71,1.57,1,False,False,7.06,7.04,7.13
603893,瑞芯微,半导体,1,20260831,176.9,-2.47,2.64,1.71,0.85,10.0,7.41,1.05,-2.05,0,False,False,176.82,183.9,192.68
603978,深圳新星,金属新材,1,20260831,19.02,0.48,2.48,3.23,1.1,9.99,-1.95,-0.05,0.32,1,False,False,18.99,19.06,19.24
301151,冠龙节能,通用设备,1,20260831,17.28,0.76,5.83,1.76,1.22,20.02,4.11,1.59,6.34,2,False,True,16.94,16.75,16.79
002081,金 螳 螂,装修装饰,1,20260831,5.6,-1.58,4.75,12.49,0.83,10.0,4.46,1.82,8.74,0,False,True,5.49,5.59,4.9
603989,艾华集团,元件,1,20260831,28.6,0.78,6.62,5.54,1.4,10.0,-2.06,4.34,-0.31,2,False,True,27.77,28.67,28.53
003018,金富科技,包装印刷,1,20260831,44.89,-4.59,6.35,7.95,1.11,10.0,-1.72,-2.37,4.35,0,True,True,44.76,43.13,40.61
002903,宇环数控,通用设备,1,20260831,28.95,-0.92,7.8,19.92,0.98,10.02,-2.25,-6.73,-14.2,0,True,True,30.36,30.33,28.82
003036,泰坦股份,专用设备,1,20260831,54.19,0.43,7.17,4.07,1.41,10.0,-3.3,5.33,2.01,2,False,True,52.4,54.11,52.78
002328,新朋股份,汽车零部,1,20260831,7.73,-0.39,2.71,7.7,1.6,9.96,-0.26,3.48,7.96,0,True,True,7.51,7.36,7.26
002830,名雕股份,装修装饰,1,20260831,14.34,0.49,2.31,2.62,1.01,9.97,0.07,2.43,4.75,1,True,True,14.12,13.92,13.7
002418,康盛股份,家电零部,1,20260831,4.9,-0.2,11.61,42.89,4.25,10.0,-6.33,20.99,32.79,0,True,True,4.4,4.08,3.92
002921,联诚精密,汽车零部,1,20260831,21.11,-0.24,3.21,3.27,1.09,10.0,0.0,-2.94,-5.0,0,False,False,21.42,21.84,22.26
002141,贤丰控股,元件,1,20260831,6.45,2.87,5.26,14.76,1.16,10.08,-2.48,5.22,0.0,2,False,True,6.16,6.4,6.29
603358,华达科技,汽车零部,1,20260831,45.2,-5.2,10.19,3.09,1.57,10.0,0.0,-1.7,-4.22,0,False,True,46.29,46.42,43.81
002881,美格智能,通信设备,1,20260831,40.82,-1.07,7.08,7.52,1.76,10.0,-1.3,2.56,7.85,0,True,True,40.55,39.58,38.63
600722,金牛化工,化学原料,2,20260831,15.27,10.01,12.75,20.7,1.02,10.02,4.78,8.92,7.92,1,True,True,14.34,13.68,12.61
603559,中通国脉,通信服务,2,20260831,9.58,9.99,10.1,7.03,2.85,10.02,-1.25,5.97,6.21,1,False,True,9.02,9.1,9.04
920223,荣亿精密,通用设备,1,20260831,12.18,12.99,15.49,10.23,3.35,29.97,-0.49,7.41,9.73,2,False,True,11.19,11.1,11.21
603178,圣龙股份,汽车零部,1,20260831,16.23,-1.52,3.09,2.68,0.89,9.98,-1.36,-2.23,1.0,0,False,False,16.41,16.56,16.96
002660,茂硕电源,消费电子,1,20260831,7.62,1.06,2.25,1.11,0.81,9.97,0.0,0.66,2.83,1,True,True,7.53,7.48,7.28
603685,晨丰科技,光学光电,1,20260831,24.03,-0.21,2.91,0.91,1.37,9.99,-1.12,-1.92,-3.18,0,False,False,24.25,24.91,25.67
301231,荣信文化,出版,1,20260831,26.07,-1.29,3.07,4.78,0.91,19.98,5.1,-3.52,-3.77,0,False,False,26.49,27.15,27.28
601595,上海电影,影视院线,1,20260831,16.66,0.0,1.5,0.62,0.56,10.02,3.0,1.4,2.21,0,False,False,16.47,16.49,17.25
603058,永吉股份,包装印刷,1,20260831,9.38,1.19,3.45,1.26,0.94,10.02,-0.32,2.96,4.92,4,False,False,9.15,9.21,9.56
301218,华是科技,IT服务Ⅱ,1,20260831,48.45,6.25,12.37,22.4,0.97,20.0,2.17,1.96,14.62,1,True,True,46.75,44.68,44.43
605118,力鼎光电,计算机设,1,20260831,29.84,1.22,4.68,1.15,1.9,9.99,-1.51,4.01,2.9,2,False,True,28.96,29.24,29.23
300364,中文在线,数字媒体,1,20260831,22.73,0.66,4.3,7.95,1.6,20.02,1.72,-0.83,-1.56,2,False,False,22.51,23.08,24.26
603950,长源东谷,汽车零部,1,20260831,59.85,-8.11,8.05,3.67,1.25,10.01,-2.07,-7.82,-0.28,0,True,True,63.31,62.17,59.69
920021,流金科技,电视广播,1,20260831,6.81,1.79,3.74,6.42,2.44,29.96,-0.44,2.87,3.65,4,False,False,6.64,6.66,7.02
603201,常润股份,汽车零部,1,20260831,14.88,0.27,1.62,1.19,0.88,10.01,1.75,-0.4,-1.65,2,False,False,14.83,15.18,15.86
603113,金能科技,化学原料,1,20260831,5.52,3.56,3.94,4.72,1.07,9.96,-0.18,0.73,8.45,2,True,True,5.32,5.17,4.87
601929,吉视传媒,电视广播,1,20260831,2.34,0.43,1.29,1.52,1.02,9.83,-0.85,0.43,2.18,1,False,False,2.32,2.32,2.39
301262,海看股份,广告营销,1,20260831,18.61,0.27,1.45,2.71,0.94,19.99,5.21,-0.05,0.22,1,False,False,18.48,18.91,19.53
603139,康惠股份,中药Ⅱ,1,20260831,34.63,-2.26,2.77,1.34,0.9,9.99,-0.92,0.99,-0.72,0,False,False,34.52,35.2,35.24
002303,美盈森,包装印刷,1,20260831,5.17,1.77,7.09,4.42,1.18,10.06,-0.39,5.73,9.77,2,False,True,4.94,4.89,5.05
603068,博通集成,半导体,1,20260831,35.74,-1.95,3.57,5.35,0.88,9.99,-1.76,-2.22,-7.41,0,False,False,36.31,38.68,39.29
300911,亿田智能,厨卫电器,1,20260831,22.19,0.23,4.65,5.31,0.67,20.01,-0.27,-0.63,-9.02,1,False,False,22.15,23.19,22.46
600246,万通发展,房地产开,1,20260831,12.12,-2.81,5.37,4.24,0.86,9.98,2.97,5.39,0.0,0,False,False,11.84,12.21,12.12
603090,宏盛股份,通用设备,1,20260831,38.3,-1.06,5.06,2.3,0.97,10.0,-1.17,-0.67,1.59,0,False,False,38.17,38.27,38.68
002757,南兴股份,专用设备,1,20260831,15.89,-0.31,2.82,3.85,1.44,10.01,2.58,-0.81,-1.3,0,False,False,15.86,16.34,16.92
600671,天目药业,中药Ⅱ,1,20260831,20.78,2.87,5.99,2.64,1.91,10.01,-3.08,4.32,1.32,4,False,False,20.18,20.62,21.17
002875,安奈儿,服装家纺,1,20260831,13.17,1.7,2.16,1.78,0.92,10.02,0.08,0.38,-0.08,1,False,False,13.05,13.22,13.45
002396,星网锐捷,通信设备,3,20260831,36.69,10.01,9.87,15.16,1.38,10.0,-2.15,18.97,10.61,2,True,True,32.66,32.27,30.78
000977,浪潮信息,计算机设,1,20260831,77.44,-1.06,3.13,3.49,1.01,9.99,-1.37,4.49,1.43,0,False,True,75.37,76.28,76.28
603313,梦百合,家居用品,1,20260831,6.13,1.32,3.31,3.27,1.57,9.95,-1.14,0.0,0.82,1,False,True,6.09,6.12,6.11
603001,奥康国际,服装家纺,1,20260831,8.21,-1.32,2.52,2.08,0.76,9.99,-0.49,1.11,-0.48,0,True,True,8.18,8.07,7.66
002008,大族激光,自动化设,1,20260831,87.62,-2.64,3.67,2.63,0.75,10.0,-1.31,3.02,-3.61,0,False,False,86.89,90.39,92.12
603236,移远通信,通信设备,1,20260831,56.04,-1.02,2.54,1.77,0.62,9.99,-0.2,-0.21,-2.56,0,False,True,55.92,57.66,54.37
603459,红板科技,元件,1,20260831,86.34,-3.48,3.94,13.09,1.1,10.0,-3.83,-0.8,-1.04,0,False,False,87.08,89.08,92.31
601136,首创证券,证券Ⅱ,1,20260831,14.42,0.77,2.17,0.51,1.46,9.99,0.0,4.34,5.03,4,False,True,14.07,13.99,14.31
603297,永新光学,光学光电,1,20260831,105.33,-1.82,2.83,0.85,0.86,10.0,-1.32,0.19,-1.44,0,False,True,105.9,106.25,103.69
002942,新农股份,农化制品,3,20260828,19.01,10.01,0.0,1.63,0.86,9.99,9.99,20.78,20.01,2,True,True,16.72,16.19,15.71
600378,昊华科技,化学制品,2,20260828,48.46,10.01,7.4,2.79,0.69,10.01,10.01,9.64,8.8,2,False,True,45.46,46.58,45.98
600654,中安科,软件开发,2,20260828,3.3,10.0,8.33,4.37,2.18,10.0,10.0,14.98,15.79,4,False,True,3.0,2.94,2.96
002742,冀衡医药,化学制药,4,20260828,5.67,10.1,0.0,1.9,0.24,10.05,10.05,33.41,30.65,4,True,True,4.76,4.57,4.27
002631,德尔未来,家居用品,1,20260828,9.18,3.85,7.47,4.37,0.89,10.02,9.91,5.15,5.88,3,True,True,9.02,8.96,8.44
002354,天娱数科,广告营销,1,20260828,7.14,1.56,2.28,9.93,1.17,9.94,9.94,2.73,-2.06,1,False,False,7.08,7.44,7.68
603900,莱绅通灵,饰品,2,20260828,7.14,10.02,12.48,8.09,1.18,9.94,9.94,12.62,15.35,1,True,True,6.59,6.35,6.18
300378,鼎捷数智,软件开发,1,20260828,31.21,3.41,4.04,2.85,0.93,19.99,13.94,3.28,-3.7,1,False,False,30.95,32.77,34.3
002279,久其软件,软件开发,1,20260828,6.41,0.94,1.57,2.0,0.78,9.98,2.96,3.55,1.26,1,False,False,6.32,6.52,6.75
000017,深中华A,饰品,7,20260828,10.41,10.04,8.88,13.51,1.32,9.99,7.4,33.12,61.15,4,True,True,8.68,7.38,6.76
000059,华锦股份,炼化及贸,1,20260828,5.06,5.42,7.71,3.34,0.87,10.08,1.78,8.58,3.9,3,True,True,4.8,4.77,4.69
600929,雪天盐业,化学原料,1,20260828,5.49,2.23,4.1,1.26,1.19,10.02,1.64,5.58,4.17,3,False,True,5.32,5.29,5.33
603045,福达合金,金属新材,1,20260828,56.53,4.61,6.88,7.54,1.04,9.99,0.0,0.36,8.63,1,True,True,55.73,55.11,53.8
600162,香江控股,房地产开,2,20260828,4.87,9.93,10.61,4.13,0.78,10.06,4.72,19.95,16.23,3,True,True,4.37,4.35,4.06
002212,天融信,软件开发,1,20260828,6.3,1.29,2.41,3.43,1.34,10.0,5.71,4.3,1.78,1,False,False,6.21,6.31,6.55
688152,麒麟信安,软件开发,1,20260828,31.7,2.32,3.81,3.99,0.71,20.0,6.85,-0.38,-10.8,1,False,True,31.82,32.49,30.39
002165,红 宝 丽,化学制品,1,20260828,7.61,2.15,10.2,17.54,0.79,9.99,-1.05,-5.7,-2.31,1,True,True,7.73,7.45,7.07
001288,运机集团,专用设备,1,20260828,25.87,-0.15,3.05,1.83,0.77,10.01,-2.13,-0.54,7.75,0,False,False,25.95,25.67,26.35
603778,国晟科技,光伏设备,1,20260828,9.42,0.75,2.46,3.29,0.86,9.98,0.0,1.62,0.75,1,False,False,9.37,9.71,10.11
603016,新宏泰,电网设备,1,20260828,28.81,-0.31,1.73,1.76,0.48,10.0,0.0,-0.14,-6.1,0,False,False,29.09,29.17,29.16
002918,蒙娜丽莎,家居用品,1,20260828,10.3,2.28,2.98,5.04,1.16,10.0,0.97,4.99,3.1,1,True,True,10.09,10.07,9.91
002952,亚世光电,光学光电,1,20260828,19.81,1.75,5.29,3.45,2.07,9.99,0.4,1.43,-0.2,1,False,True,19.69,19.85,19.7
603011,合锻智能,专用设备,2,20260828,25.14,10.02,13.79,10.52,1.45,9.98,0.16,10.8,7.53,3,False,True,23.45,24.0,22.81
603082,北自科技,自动化设,1,20260828,40.55,-2.94,4.69,13.28,1.1,10.01,-0.59,-3.15,2.81,0,True,True,41.7,41.56,40.01
603007,顺景科技,汽车零部,1,20260828,4.88,-0.2,2.25,1.97,0.83,10.04,2.05,7.96,6.32,0,False,True,4.73,4.72,4.77
002971,和远气体,化学制品,1,20260828,42.8,3.18,4.89,9.86,1.13,10.0,1.82,-2.37,1.01,1,False,True,43.51,44.2,42.25
605006,山东玻纤,玻璃玻纤,1,20260828,14.13,3.14,3.87,3.66,1.08,9.98,0.07,2.76,1.29,1,False,False,13.9,14.39,14.2
603171,税友股份,IT服务Ⅱ,1,20260828,40.31,0.05,1.76,1.45,1.06,10.0,3.89,-2.8,-6.99,1,False,False,41.16,42.84,45.19
002229,鸿博股份,IT服务Ⅱ,1,20260828,11.17,2.1,3.66,9.04,0.99,10.03,0.0,4.69,3.23,3,False,False,10.94,11.58,11.46
601003,柳钢股份,普钢,1,20260828,3.68,-0.81,2.16,0.6,1.18,10.05,-0.27,1.94,2.22,0,False,False,3.65,3.66,3.78
601700,风范股份,电网设备,1,20260828,7.62,-1.04,7.66,17.35,1.08,9.97,-2.23,-1.17,1.6,0,True,True,7.51,7.3,6.9
601222,林洋能源,电网设备,1,20260828,5.54,-0.36,1.98,0.78,1.4,9.93,5.23,1.09,1.47,0,False,False,5.51,5.51,5.61
002949,华阳国际,工程咨询,1,20260828,12.8,-6.43,5.85,20.17,2.47,10.0,-1.8,13.17,19.18,0,True,True,12.2,11.42,10.92
001376,百通能源,电力,1,20260828,10.53,0.0,1.52,2.82,0.79,9.97,1.99,2.03,1.84,0,False,False,10.44,10.65,11.1
000798,中水渔业,渔业,1,20260828,9.2,0.22,1.74,4.44,0.89,10.0,0.87,5.75,8.49,3,True,True,8.96,8.75,8.47
000716,黑芝麻,休闲食品,1,20260828,5.15,3.0,3.4,5.92,0.77,10.1,-0.19,9.11,2.59,1,False,True,4.94,5.11,4.94
603608,天创时尚,服装家纺,1,20260828,17.91,1.24,3.56,2.4,0.77,9.99,2.51,-0.5,0.22,1,False,False,17.97,18.59,18.66
002915,中欣氟材,化学制品,1,20260828,17.15,2.57,4.01,2.18,1.34,10.03,1.46,3.31,1.72,1,False,False,16.83,17.19,17.39
002578,闽发铝业,工业金属,1,20260828,3.94,-1.5,2.5,3.0,0.72,9.9,0.0,1.29,5.07,0,True,True,3.91,3.84,3.54
000062,深圳华强,其他电子,1,20260828,22.59,2.12,2.44,1.58,1.38,10.0,0.62,3.29,1.57,1,False,False,22.22,22.65,22.79
603029,天鹅股份,专用设备,1,20260828,16.62,2.72,6.98,4.44,2.32,9.99,-0.9,4.59,4.66,1,True,True,16.15,15.99,15.56
603396,金辰股份,光伏设备,1,20260828,29.0,1.97,10.51,12.1,6.05,10.0,-1.1,13.59,13.5,3,True,True,26.89,26.48,25.75
605566,福莱蒽特,化学制品,1,20260828,25.92,2.17,3.74,1.93,1.16,9.99,-0.5,3.27,1.49,1,False,True,25.56,25.97,25.53
000626,远大控股,物流,1,20260828,8.55,4.01,6.2,3.12,0.98,10.06,0.0,6.08,2.52,1,True,True,8.24,8.1,7.81
000567,海德股份,多元金融,1,20260828,6.37,3.07,4.85,1.58,1.96,10.05,2.04,8.52,5.81,3,False,True,6.07,6.07,6.14
003030,祖名股份,农产品加,1,20260828,21.92,0.0,2.01,3.26,1.03,9.99,-0.23,0.55,-0.23,0,False,False,21.87,22.02,22.07
600815,厦工股份,工程机械,1,20260828,4.05,5.74,8.09,4.73,1.48,10.12,-0.25,4.92,3.58,1,False,True,3.91,3.94,3.67
002427,尤夫股份,化学纤维,1,20260828,4.72,-1.87,2.29,5.18,1.1,9.96,0.0,2.83,2.39,0,True,True,4.64,4.53,4.44
600251,冠农股份,农产品加,1,20260828,10.7,1.9,3.33,3.19,1.28,10.0,1.96,5.21,1.81,3,True,True,10.41,10.27,9.9
603086,先达股份,农化制品,1,20260828,5.75,0.88,1.93,1.77,1.12,10.09,0.35,3.23,1.95,3,False,True,5.66,5.67,5.62
000925,众合科技,轨交设备,1,20260828,8.53,0.35,7.18,9.23,1.47,9.96,-1.88,-4.91,8.66,2,True,True,8.5,8.22,7.88
600689,上海三毛,综合Ⅱ,1,20260828,11.11,0.63,2.26,1.2,0.76,9.99,-0.09,4.52,3.64,3,True,True,10.91,10.75,10.53
002486,嘉麟杰,服装家纺,1,20260828,2.68,-0.74,2.22,3.51,1.31,10.07,0.37,5.1,4.69,0,True,True,2.64,2.61,2.49
688209,英集芯,半导体,1,20260828,24.62,9.86,10.08,4.56,2.06,19.98,-2.92,10.4,12.52,1,True,True,22.97,22.63,22.05
600714,金瑞矿业,化学原料,1,20260828,17.38,0.35,5.48,15.2,1.41,10.01,-0.69,10.77,17.83,4,True,True,16.66,16.13,15.39
000912,泸天化,农化制品,1,20260828,3.96,1.54,2.82,2.11,0.84,10.1,0.76,3.94,6.17,1,True,True,3.87,3.78,3.72
002437,誉衡药业,化学制药,1,20260828,4.42,6.76,9.66,36.15,1.21,9.95,0.9,12.18,-6.55,1,False,True,4.23,4.44,3.85
000565,渝三峡Ａ,化学制品,1,20260828,6.02,-0.17,1.33,1.62,0.53,9.97,0.33,1.52,0.0,0,False,True,6.0,6.02,5.97
002155,湖南黄金,贵金属,1,20260827,24.56,-1.84,4.76,3.06,1.1,10.02,10.02,-0.37,-5.06,0,False,True,24.81,25.36,24.15
600613,神奇制药,化学制药,1,20260827,10.55,2.73,6.62,29.03,1.04,10.05,10.05,17.22,35.6,4,True,True,9.66,8.31,6.68
603237,五芳斋,食品加工,1,20260827,14.44,0.56,2.23,0.54,0.89,9.97,8.73,2.05,2.12,3,False,True,14.28,14.3,14.33
000890,法尔胜,环保设备,2,20260827,7.98,10.07,10.07,4.33,1.59,10.03,6.14,9.32,13.35,2,False,True,7.34,7.34,7.29
000576,甘化科工,地面兵装,1,20260827,7.27,0.69,1.8,1.54,1.03,10.04,5.36,1.96,2.83,2,False,True,7.17,7.2,7.13
301666,大普微-UW,计算机设,1,20260827,391.0,-1.26,4.04,6.16,0.74,20.0,17.38,-7.49,-6.19,0,False,False,407.29,424.48,422.75
600721,百花医药,医疗服务,1,20260827,15.16,1.34,9.89,33.84,1.06,10.03,6.99,14.42,10.5,3,True,True,14.24,14.08,11.85
000951,中国重汽,商用车,1,20260827,20.35,1.4,3.54,0.75,0.84,10.02,7.13,-3.87,-4.46,2,False,False,20.65,20.88,21.5
600359,新农开发,种植业,1,20260827,6.79,-0.29,3.52,4.52,0.75,10.01,7.22,3.51,3.19,0,True,True,6.67,6.54,6.3
002072,凯瑞德,贸易Ⅱ,2,20260827,8.09,10.07,10.2,8.14,5.67,10.01,-1.36,11.74,11.89,3,True,True,7.45,7.44,7.29
603618,杭电股份,电网设备,2,20260827,31.92,9.99,3.17,11.49,1.14,9.99,4.95,11.88,20.23,2,True,True,29.0,28.88,27.12
603261,立航科技,航空装备,1,20260827,53.39,6.78,7.4,3.67,2.04,10.0,3.02,5.37,5.79,2,False,True,50.77,52.49,50.62
300368,汇金股份,计算机设,1,20260827,8.02,3.08,9.9,8.88,1.95,19.95,-0.75,4.97,7.22,2,False,False,7.72,8.13,8.74
600095,湘财股份,证券Ⅱ,2,20260827,8.67,10.03,10.15,2.86,4.46,10.03,3.81,11.58,12.89,4,False,True,7.98,7.96,8.14
603938,三孚股份,化学原料,1,20260827,40.87,-1.73,4.88,2.53,0.6,10.01,-0.05,-5.31,-5.83,0,False,False,42.03,43.28,41.42
601869,长飞光纤,通信设备,1,20260827,388.02,-1.64,6.97,4.6,1.3,10.0,1.28,6.72,12.48,0,True,True,376.6,367.96,338.08
002953,日丰股份,电网设备,1,20260827,10.8,-1.19,3.39,8.11,0.69,10.0,-0.46,-0.18,-7.93,0,True,True,10.84,10.55,10.14
603002,宏昌电子,电子化学,1,20260827,15.37,-0.97,6.19,4.01,0.7,10.02,1.76,-6.96,-6.68,0,False,True,15.88,16.24,14.93
600683,京投发展,房地产开,1,20260827,10.04,-1.47,3.63,4.1,0.59,9.96,-0.1,0.3,3.72,0,False,True,10.15,10.75,9.85
603580,艾艾精工,塑料,1,20260827,73.2,-1.9,6.9,8.74,0.73,10.0,1.99,-9.38,7.66,0,True,True,75.24,67.29,61.0
000586,汇源通信,通信设备,1,20260827,13.1,1.24,5.26,4.54,1.65,10.0,-0.08,4.13,8.0,4,True,True,12.77,12.66,12.13
002980,华盛昌,电网设备,1,20260827,92.77,-1.85,7.85,8.3,0.68,10.0,2.19,-5.76,-2.07,0,False,True,95.54,96.32,85.95
002536,飞龙股份,汽车零部,1,20260827,49.3,-4.38,6.9,10.53,1.05,10.0,4.44,4.96,17.94,0,True,True,47.87,45.75,41.64
301399,英特科技,通用设备,1,20260827,17.7,1.55,6.94,8.79,2.09,20.0,-1.19,2.08,6.5,2,False,True,17.32,17.34,16.69
600108,亚盛集团,种植业,1,20260827,3.44,2.08,5.93,7.02,0.67,9.88,1.16,4.24,-1.43,2,True,True,3.36,3.34,3.24
600969,郴电国际,电力,2,20260827,9.5,9.95,10.65,4.43,2.72,10.0,-0.21,9.45,10.85,2,True,True,8.79,8.79,8.57
603137,恒尚节能,装修装饰,1,20260827,22.22,2.07,5.37,8.16,0.88,9.99,1.62,-5.0,-7.76,1,False,False,22.65,24.54,25.8
300456,赛微电子,半导体,1,20260827,30.88,-0.52,3.41,2.16,0.75,20.01,4.7,-1.62,-0.45,0,False,False,31.14,31.73,31.08
603435,嘉德利,电子化学,1,20260827,48.45,-1.44,3.86,3.89,0.6,10.01,0.93,-3.83,-6.56,0,False,False,49.43,51.64,51.31
688790,昂瑞微-UW,半导体,1,20260827,95.08,-0.12,2.59,1.89,0.87,20.0,9.26,-1.24,-1.56,0,False,False,95.46,98.4,96.4
301591,肯特股份,塑料,1,20260827,42.0,5.47,20.32,36.14,1.59,20.0,4.5,11.17,31.66,2,True,True,37.72,35.99,32.19
600397,江钨装备,专用设备,1,20260827,17.3,-1.48,4.67,7.79,0.78,10.0,-1.16,-4.63,2.0,0,False,True,17.54,17.77,16.68
002134,天津普林,元件,1,20260827,20.57,-1.72,4.44,1.86,0.76,10.01,4.86,-3.25,-2.74,0,False,False,20.93,21.55,21.11
002190,成飞集成,汽车零部,1,20260827,23.2,1.53,5.6,1.73,1.3,10.0,0.3,1.71,2.07,2,False,False,22.91,23.53,23.43
605258,协和电子,元件,1,20260827,29.0,2.36,4.2,3.31,1.31,10.0,-0.24,3.83,9.93,2,True,True,28.0,27.62,26.73
002636,金安国纪,元件,1,20260827,63.1,-1.5,5.37,6.11,1.06,10.0,2.28,-1.0,2.04,0,False,True,62.62,64.84,61.58
688300,联瑞新材,非金属材,1,20260827,155.2,6.48,11.58,8.43,1.59,20.0,1.89,6.81,10.66,2,False,True,145.59,152.16,140.73
000962,东方钽业,小金属,1,20260827,52.32,0.63,3.87,4.14,0.87,10.0,0.0,-1.3,2.69,2,False,True,52.1,53.37,51.81
600330,天通股份,电子化学,1,20260827,26.5,-3.32,6.53,10.56,0.91,10.0,2.0,-2.82,-0.56,0,True,True,27.03,26.79,23.54
002515,金字火腿,食品加工,1,20260827,7.8,-6.59,7.54,8.65,0.91,10.0,-0.26,-5.34,-3.58,0,True,True,8.09,7.97,7.43
600641,先导基电,半导体,1,20260827,30.91,-1.75,4.83,4.44,0.65,10.0,0.45,-5.04,-6.76,0,False,False,31.99,33.32,31.03
002824,和胜股份,工业金属,1,20260827,24.25,-4.04,6.25,10.08,1.4,10.02,0.66,1.25,2.93,0,False,True,24.28,24.49,23.03
601208,东材科技,塑料,1,20260827,44.64,0.77,5.46,4.32,0.74,9.99,2.78,-2.38,-0.93,2,False,True,44.82,46.29,43.36
002628,成都路桥,基础建设,1,20260827,4.8,0.0,1.67,1.38,0.67,10.0,-0.83,-2.24,-0.21,0,False,False,4.84,4.98,4.87
002852,道道全,农产品加,1,20260827,8.08,0.25,3.85,3.01,0.52,10.02,0.12,0.87,-1.58,2,True,True,8.09,8.02,7.9
000592,平潭发展,林业Ⅱ,1,20260827,6.19,0.16,4.37,4.93,0.65,10.02,0.0,1.81,0.16,2,False,False,6.1,6.31,6.36
601233,桐昆股份,炼化及贸,1,20260827,23.64,-0.3,7.04,1.5,0.84,9.98,-0.13,-4.33,-0.3,0,True,True,24.04,23.68,23.37
603093,南华期货,多元金融,1,20260827,12.29,6.41,11.0,5.71,4.53,10.01,-1.06,8.76,9.54,4,False,True,11.54,11.7,12.01
603319,美湖股份,汽车零部,1,20260827,26.77,2.14,4.62,3.96,0.89,10.01,0.0,2.1,3.8,2,False,True,25.85,26.69,25.88
603688,石英股份,非金属材,1,20260827,46.87,0.36,4.05,1.84,0.86,10.01,-0.02,-3.86,-1.22,1,False,False,47.49,48.55,47.17
001309,德明利,半导体,1,20260827,390.69,-1.6,3.21,5.24,0.63,10.0,1.15,-5.89,-0.79,0,False,False,400.26,407.05,397.38
688368,晶丰明源,半导体,1,20260827,116.9,-1.13,6.66,2.82,0.82,20.0,1.35,-7.84,-6.22,0,False,False,122.68,126.37,120.57
600345,长江通信,通信设备,1,20260827,47.33,-1.4,3.92,5.32,1.27,9.99,1.14,-0.57,5.34,0,True,True,47.33,47.31,45.91
605288,凯迪股份,自动化设,1,20260827,57.4,2.52,4.98,1.87,1.12,10.0,-1.03,0.51,3.2,1,False,False,56.44,59.11,59.01
002366,融发核电,其他电源,1,20260826,5.67,1.43,2.15,1.03,0.58,10.05,10.05,0.71,-3.74,1,False,False,5.64,5.84,6.01
301630,同宇新材,电子化学,1,20260826,164.01,1.28,6.63,5.44,1.01,20.0,19.74,-1.94,-9.77,1,False,False,165.3,171.73,165.58
605277,新亚电子,消费电子,1,20260826,15.17,4.55,6.2,1.84,1.59,10.02,9.76,2.71,0.4,1,False,True,14.71,14.99,14.98
600468,百利电气,电网设备,1,20260826,5.97,1.7,3.24,1.56,1.06,10.05,5.36,1.7,-1.97,1,False,False,5.88,6.03,6.13
688185,康希诺,生物制品,1,20260826,71.35,-5.5,7.68,11.77,1.31,20.0,15.14,10.74,27.55,0,True,True,68.46,62.44,57.09
605169,洪通燃气,燃气Ⅱ,1,20260826,11.28,4.54,6.21,2.05,0.88,10.02,8.16,2.83,4.06,1,True,True,10.98,10.61,10.32
002963,豪尔赛,装修装饰,2,20260826,20.32,10.02,10.88,7.36,2.05,9.99,3.44,18.28,11.71,4,False,True,18.09,18.21,17.23
600604,市北高新,房地产开,1,20260826,4.64,-6.07,7.09,4.25,2.28,9.91,-0.86,1.75,-0.85,0,False,True,4.61,4.72,4.59
601038,一拖股份,专用设备,1,20260826,13.03,0.77,3.4,0.85,0.87,9.98,2.07,0.77,0.0,2,False,False,12.85,12.86,13.28
605162,新中港,电力,1,20260826,9.0,0.9,7.62,6.23,0.87,10.0,-1.0,-0.11,-7.41,1,False,True,9.06,9.13,8.88
603392,万泰生物,医疗器械,1,20260826,28.1,0.04,2.88,0.73,0.89,10.0,0.43,-8.8,-2.43,1,False,False,29.12,29.54,29.92
002047,宝鹰股份,装修装饰,1,20260826,3.3,2.8,5.92,3.02,0.66,10.0,0.3,5.1,-3.23,1,False,False,3.19,3.49,3.37
000428,华天酒店,酒店餐饮,2,20260826,4.32,9.92,8.14,1.78,0.57,9.95,4.17,7.2,0.93,1,False,True,4.04,4.21,4.14
600272,开开实业,医药商业,1,20260826,19.18,5.67,18.18,35.28,1.27,10.01,1.72,4.64,-8.36,2,True,True,18.33,18.25,15.04
603979,金诚信,工业金属,1,20260826,73.37,-1.3,3.91,1.05,0.9,10.0,3.09,-2.04,-4.57,0,False,False,74.11,74.86,75.3
000997,新 大 陆,计算机设,1,20260826,18.81,2.67,3.82,2.33,1.29,9.99,8.03,3.75,4.79,1,False,True,18.23,18.09,18.3
603121,华培动力,汽车零部,1,20260826,12.57,2.7,4.58,1.02,0.96,10.02,0.4,3.2,-1.26,1,False,True,12.28,12.48,12.11
600362,江西铜业,工业金属,1,20260826,44.15,-3.92,4.74,2.61,0.99,10.01,1.83,-0.94,-5.26,0,False,False,44.91,45.43,45.35
603200,上海洗霸,环境治理,1,20260826,38.81,-0.82,11.86,11.37,6.49,10.0,-1.55,10.16,4.84,0,False,True,36.77,37.15,37.18
301177,迪阿股份,饰品,1,20260826,23.94,-2.64,6.71,1.14,1.71,20.01,-2.42,4.36,4.86,0,True,True,23.31,23.21,23.09
601212,白银有色,工业金属,1,20260826,6.58,-1.79,10.15,9.3,3.41,10.03,-0.3,18.77,17.5,0,True,True,6.06,5.83,5.57
002094,青岛金王,家居用品,2,20260826,5.14,10.06,11.13,5.41,2.81,9.92,-1.75,10.54,10.06,2,False,True,4.72,4.73,4.73
603106,恒银科技,计算机设,1,20260826,7.45,-2.36,3.28,4.35,0.68,10.07,-1.61,3.33,-5.7,0,False,False,7.37,8.02,8.22
603083,剑桥科技,通信设备,1,20260826,173.5,-0.85,5.74,6.3,0.73,10.0,1.73,-3.12,-6.75,0,False,True,175.2,176.69,160.65
000533,顺钠股份,电网设备,1,20260826,10.55,-0.28,2.93,4.59,0.6,10.05,0.0,-2.59,-9.44,0,False,False,10.7,11.38,11.69
603118,共进股份,通信设备,1,20260826,16.25,1.5,6.81,12.99,0.69,10.03,3.38,-4.41,-14.52,1,False,True,16.83,17.05,15.84
001268,联合精密,家电零部,1,20260826,22.32,-0.45,11.28,14.72,4.2,9.99,-1.03,10.93,8.24,0,True,True,20.99,20.56,19.55
001258,立新能源,电力,1,20260826,12.29,-2.23,7.16,11.84,0.95,10.01,-2.77,-0.16,-7.94,0,False,False,12.28,13.36,13.27
603615,茶花股份,家居用品,1,20260826,16.92,3.05,4.87,1.24,0.92,9.99,0.41,-1.28,-1.91,1,False,True,16.85,17.13,16.4
002445,中南文化,通用设备,2,20260825,3.37,10.13,0.0,0.2,0.07,10.09,10.09,10.49,12.71,1,True,True,3.14,3.05,2.95
600984,建设机械,工程机械,2,20260825,4.49,10.05,7.84,6.07,2.53,10.02,10.02,9.25,14.25,1,True,True,4.17,4.08,3.77
002880,卫光生物,生物制品,1,20260825,20.5,-2.94,5.59,1.66,1.5,10.0,3.37,3.02,-1.35,0,False,True,20.77,20.78,20.48
600508,上海能源,煤炭开采,2,20260825,9.88,10.02,7.68,3.54,3.62,10.02,6.98,12.79,14.22,4,True,True,9.03,8.86,8.72
605303,园林股份,基础建设,1,20260825,20.77,0.87,4.03,1.77,1.19,10.01,2.46,1.47,-6.1,1,False,True,20.95,21.3,20.64
000796,凯撒旅业,旅游及景,1,20260825,3.8,-1.3,3.38,2.11,1.06,10.0,0.53,1.88,-1.3,0,False,False,3.82,3.85,3.84
300642,透景生命,医疗器械,1,20260825,13.5,-1.53,4.45,2.62,0.89,20.0,5.93,1.81,-2.1,0,False,True,13.63,13.67,13.14
600698,湖南天雁,汽车零部,1,20260825,6.62,0.61,5.62,3.34,1.67,9.97,2.27,0.61,-7.15,1,False,False,6.67,6.94,6.79
603360,百傲化学,农化制品,1,20260825,12.52,-1.03,5.61,1.16,0.66,9.98,-0.88,0.24,-8.48,0,False,False,12.7,13.19,13.15
600470,六国化工,农化制品,1,20260825,5.39,-2.88,3.96,3.75,0.52,10.02,0.56,-7.07,-3.75,0,True,False,5.6,5.59,5.58
600838,上海九百,一般零售,1,20260825,7.29,-1.75,3.37,1.64,0.8,10.01,0.0,-0.27,-3.7,0,False,False,7.43,7.46,7.34
600281,华阳新材,小金属,1,20260825,4.59,-0.65,4.98,4.87,0.6,10.02,0.22,-7.09,-5.36,0,True,True,4.74,4.63,4.42
603095,越剑智能,专用设备,1,20260825,14.91,-2.29,4.59,5.63,1.15,9.99,-1.81,5.0,-9.25,0,True,True,14.75,14.63,13.59
603079,圣达生物,化学制品,1,20260825,12.63,-9.98,8.05,11.58,1.21,9.98,1.98,-4.75,-14.37,0,True,True,13.48,13.22,12.25
002412,汉森制药,中药Ⅱ,5,20260825,11.21,10.01,3.14,7.33,1.45,9.99,6.33,33.14,49.27,4,True,True,9.35,8.34,7.65
603395,红四方,农化制品,1,20260825,25.95,-5.91,8.92,26.84,1.46,10.02,-0.69,-10.52,8.31,0,True,True,27.91,25.2,24.03
002907,华森制药,中药Ⅱ,1,20260825,14.31,0.35,6.38,5.98,0.6,9.99,-1.54,-11.39,-14.77,1,True,True,15.14,14.9,13.94
000695,滨海能源,电池,1,20260825,13.95,1.68,4.15,5.11,1.05,10.04,-0.65,-2.79,-0.99,1,True,True,13.97,13.86,13.3
000566,海南海药,化学制药,1,20260825,4.52,-6.61,7.85,6.92,0.73,9.96,-0.44,-9.96,-17.22,0,False,False,4.97,5.32,5.59
688169,石头科技,小家电,1,20260825,112.5,-3.4,4.66,2.16,0.78,20.0,11.11,-4.66,-0.65,0,True,True,117.47,113.35,111.3
603318,水发燃气,燃气Ⅱ,1,20260825,9.31,-2.41,4.72,11.91,1.17,9.99,1.18,3.44,2.31,0,True,True,9.22,9.12,8.95
600936,北投科技,IT服务Ⅱ,1,20260825,4.63,-6.28,7.69,4.12,0.81,9.94,0.0,-1.91,-7.58,0,False,False,4.83,5.27,5.46
000779,甘咨询,工程咨询,1,20260825,9.1,-6.47,6.68,15.73,0.78,10.0,-0.88,-10.17,-14.39,0,False,False,9.9,10.52,11.64
603637,镇海股份,专业工程,1,20260825,12.75,-2.22,5.21,3.5,0.82,10.04,-1.57,-0.23,-7.94,0,False,False,13.3,13.48,12.83
002837,英维克,专用设备,1,20260825,54.75,1.16,6.78,3.86,1.18,10.01,-2.21,4.11,-6.71,3,False,True,54.39,55.39,53.41
002713,东易日盛,装修装饰,1,20260825,9.05,-2.79,6.02,2.72,0.9,10.06,-1.1,-3.0,-11.71,0,False,False,9.42,9.76,9.58
000070,特发信息,通信设备,1,20260825,14.61,-2.99,5.78,4.29,0.72,9.99,-2.33,2.89,-6.17,0,False,True,14.76,14.86,14.16
002686,亿利达,通用设备,1,20260825,6.2,-7.74,7.14,8.04,2.35,10.0,-1.45,2.14,-0.16,0,False,True,6.23,6.25,6.1
002947,恒铭达,消费电子,1,20260825,54.19,-5.26,8.11,5.13,1.62,10.0,1.49,-3.16,-11.56,0,False,False,57.23,58.09,56.47
600829,人民同泰,医药商业,1,20260825,9.22,-4.16,6.13,4.19,0.46,9.98,-0.22,-13.91,-20.1,0,False,False,10.34,10.73,10.18
603687,大胜达,包装印刷,1,20260825,13.1,-2.24,5.37,1.9,0.71,10.0,-1.3,-0.3,-10.82,0,False,False,13.43,13.89,13.61
002821,凯莱英,医疗服务,1,20260825,156.57,-6.86,9.51,4.59,0.91,10.0,-0.06,-8.22,-11.6,0,False,False,170.98,172.77,165.77
300922,天秦装备,地面兵装,1,20260825,17.11,0.23,2.46,2.34,0.81,19.99,-1.23,2.09,-6.14,1,False,True,17.11,17.44,17.0
300097,智云股份,自动化设,1,20260825,8.78,-17.17,19.81,18.03,1.57,20.05,-0.11,-11.85,-7.87,0,True,False,9.84,9.46,8.89
603758,秦安股份,汽车零部,1,20260825,11.02,-6.29,7.23,6.6,0.8,9.98,-1.0,-4.67,-22.5,0,False,False,11.57,12.79,11.2
003021,兆威机电,电机Ⅱ,1,20260825,66.16,-3.15,5.8,1.6,0.66,10.01,-0.85,-10.13,-19.27,0,False,False,71.59,76.57,77.39
603217,元利科技,化学制品,1,20260825,25.81,-2.6,3.4,2.1,0.86,10.0,0.0,-0.27,-3.48,0,True,True,26.29,25.97,23.74
002451,摩恩电气,电网设备,1,20260825,7.39,2.92,11.28,7.94,5.48,10.01,-2.98,3.21,-0.81,1,False,True,7.27,7.36,7.27
002259,升达林业,燃气Ⅱ,1,20260825,3.81,-1.04,3.12,1.53,0.72,9.97,-0.52,2.97,-3.54,0,False,False,3.79,3.88,3.85
600172,黄河旋风,通用设备,1,20260825,12.72,-6.06,8.27,10.94,0.66,9.98,-3.3,-11.79,-6.74,0,True,True,13.69,13.14,11.95
000659,珠海中富,包装印刷,1,20260825,2.59,-4.43,5.17,2.21,1.09,10.04,-0.39,-3.72,-9.76,0,False,False,2.71,2.81,2.77
002478,常宝股份,特钢Ⅱ,1,20260825,6.29,-0.32,5.55,4.42,1.29,10.02,-0.79,-3.23,-8.31,0,True,False,6.46,6.42,6.36
603912,佳力图,通用设备,1,20260825,8.25,-2.71,5.07,3.41,0.52,10.06,-2.18,4.17,-3.73,0,False,True,8.32,8.38,7.89
600605,汇通能源,一般零售,1,20260825,24.16,-1.59,2.85,1.0,0.74,10.02,1.49,2.29,-5.44,0,False,True,24.51,24.98,24.04
000931,中 关 村,化学制药,3,20260824,5.09,9.94,3.89,8.35,4.53,10.02,10.02,18.65,18.37,2,True,True,4.51,4.37,4.21
002906,华阳集团,汽车零部,1,20260824,25.66,-2.43,4.75,1.89,2.04,10.02,10.02,-2.99,-1.53,0,True,True,26.19,26.19,25.27
000065,北方国际,专业工程,1,20260824,9.07,1.57,2.69,1.08,0.79,10.03,10.03,-0.11,0.67,2,False,False,9.0,9.07,9.14
002017,东信和平,通信设备,2,20260824,14.53,9.99,8.4,5.7,3.35,9.98,4.89,7.47,6.21,2,False,True,13.56,13.69,13.68
603958,哈森股份,服装家纺,3,20260824,20.55,10.01,4.44,6.99,1.34,10.02,4.67,11.32,34.75,2,True,True,18.29,16.59,15.21
605286,同力天启,专用设备,1,20260824,24.92,-1.42,4.27,3.55,0.5,9.99,2.73,-9.45,-18.77,0,False,False,26.55,28.23,25.45
000620,盈新发展,房地产开,1,20260824,3.15,-3.08,4.92,8.58,0.66,10.16,2.54,-7.62,3.96,0,True,True,3.29,3.06,2.88
002277,友阿股份,一般零售,1,20260824,5.85,2.81,5.8,1.39,1.36,10.09,4.62,0.69,1.21,2,False,True,5.74,5.77,5.71
600594,益佰制药,中药Ⅱ,1,20260824,3.72,-4.12,5.67,4.57,1.0,9.95,0.54,-5.34,-4.12,0,False,False,3.86,3.86,3.73
301152,天力锂能,电池,1,20260824,19.43,1.94,4.46,4.01,0.85,20.02,0.21,-1.32,-2.36,2,False,False,19.45,19.86,19.97
603089,正裕工业,汽车零部,1,20260824,9.57,-4.3,6.8,4.79,1.28,10.03,-0.21,-18.9,-1.85,0,True,True,10.54,9.83,9.14
603032,德新科技,电池,1,20260824,18.38,1.27,5.01,2.05,0.87,10.01,1.74,-5.79,-4.32,1,False,False,18.77,19.08,18.41
002580,圣阳股份,电池,1,20260824,19.14,-3.92,4.92,10.4,0.58,9.98,-0.26,-4.49,-14.09,0,False,False,20.1,20.81,19.8
000723,美锦能源,焦炭Ⅱ,1,20260824,3.54,-1.94,3.32,2.62,1.01,9.89,0.56,0.0,-1.94,0,True,False,3.63,3.61,3.6
605198,安德利,农产品加,1,20260824,58.9,-1.88,6.56,1.54,1.23,10.0,1.66,-13.88,-13.06,0,False,False,63.53,65.61,61.63
003035,南网能源,电力,1,20260824,5.21,0.58,2.12,0.36,0.56,9.98,0.96,-2.8,-4.23,2,False,False,5.27,5.43,5.5
603105,芯能科技,电力,1,20260824,7.04,0.72,2.43,0.85,0.78,9.94,0.14,-0.85,-0.42,2,False,False,7.02,7.13,7.15
002651,利君股份,航空装备,1,20260824,7.83,0.13,2.69,2.92,0.47,9.96,-0.77,-11.12,-6.67,1,True,False,8.35,8.13,7.95
603330,天洋新材,塑料,2,20260824,9.97,10.04,15.23,27.11,1.62,10.03,0.0,-10.9,-6.65,1,True,True,10.41,9.72,8.38
603565,中谷物流,航运港口,1,20260824,12.29,1.91,4.64,1.5,1.25,10.01,1.46,13.27,17.27,4,True,True,11.47,11.03,10.8
002716,湖南白银,贵金属,2,20260824,10.42,10.03,10.77,18.29,2.21,9.98,5.95,10.5,17.08,2,True,True,9.58,9.46,8.8
600367,红星发展,化学原料,1,20260824,34.68,-3.37,6.35,14.84,0.89,10.01,0.78,-9.29,3.12,0,True,True,36.69,35.04,32.01
300313,天山生物,养殖业,1,20260824,12.8,-9.48,12.16,21.9,1.28,20.0,4.45,-0.62,43.18,0,True,True,13.0,10.8,9.38
601083,锦江航运,航运港口,1,20260824,11.92,2.58,4.65,7.83,2.38,9.98,0.5,5.11,7.48,4,True,True,11.51,11.38,11.3
600610,中毅达,化学原料,1,20260824,7.87,-1.87,12.09,11.87,2.24,10.04,-1.78,11.0,13.07,0,True,True,7.58,7.33,7.11
002052,同洲电子,其他电源,1,20260824,8.25,-1.2,2.63,0.89,0.52,10.06,-0.12,-5.39,-10.13,0,False,False,8.51,8.88,8.91
600403,大有能源,煤炭开采,1,20260824,6.64,-6.61,8.02,5.46,1.08,9.94,-0.6,7.1,5.06,0,True,True,6.61,6.6,6.21
002038,双鹭药业,化学制药,2,20260821,6.44,10.09,0.0,2.0,0.49,9.94,9.94,4.38,5.57,1,True,True,6.11,6.05,5.81
002209,达 意 隆,专用设备,1,20260821,11.96,1.1,4.06,5.22,1.73,10.03,10.03,3.64,6.22,4,True,True,11.72,11.48,10.99
688356,键凯科技,化学制药,2,20260821,89.45,20.0,0.0,0.96,0.31,20.0,20.0,11.83,10.0,1,True,True,80.97,79.58,73.86
601177,杭齿前进,通用设备,1,20260821,12.68,0.79,1.75,0.97,0.65,10.02,9.46,-5.58,-4.23,1,False,False,13.1,13.22,12.97
000710,贝瑞基因,医疗服务,2,20260821,9.37,9.98,4.34,4.57,0.79,10.03,8.54,3.42,-2.5,1,False,True,9.01,9.28,8.82
603333,福华尚纬,电网设备,1,20260821,8.95,3.11,5.18,2.71,1.02,10.06,6.82,-0.44,-2.29,1,False,True,8.92,9.11,8.81
603626,科森科技,消费电子,2,20260821,16.95,9.99,11.03,8.9,1.36,10.03,3.24,0.24,1.8,1,True,True,16.56,16.41,14.96
600460,士兰微,半导体,1,20260821,32.63,-5.39,7.54,9.37,1.39,9.99,-1.26,-4.17,1.08,0,True,True,33.76,33.07,31.45
603052,可川科技,消费电子,1,20260821,55.87,2.95,7.89,2.51,0.57,10.01,-1.54,-6.05,-0.89,1,True,True,57.53,56.39,52.93
603803,瑞斯康达,通信设备,1,20260821,10.29,2.08,3.97,3.85,0.54,10.01,-1.07,-7.46,-4.28,1,True,True,10.7,10.63,10.21
603065,宿迁联盛,化学制品,1,20260821,15.75,-3.37,5.52,7.81,0.78,10.03,-0.57,-4.31,-1.62,0,False,True,16.53,16.65,15.63
300839,博汇股份,炼化及贸,1,20260821,10.39,-0.57,2.87,1.67,0.82,20.02,-0.19,-3.97,-2.17,0,False,False,10.63,10.71,10.5
600353,旭光电子,其他电子,1,20260821,34.8,2.99,13.76,12.77,1.56,10.0,0.0,1.96,23.36,1,True,True,34.26,31.33,27.81
002655,共达电声,消费电子,1,20260821,34.34,-0.15,7.44,10.3,1.05,9.99,-1.51,-2.11,7.25,0,True,True,35.16,33.19,28.89
002988,豪美新材,工业金属,1,20260821,21.92,-0.81,3.53,2.34,0.62,9.99,-0.55,-3.73,3.49,0,True,True,22.83,22.05,21.11
002192,融捷股份,能源金属,1,20260821,65.92,-1.82,3.81,5.26,0.72,10.0,0.0,-10.96,-7.09,0,True,False,70.21,70.1,67.11
300214,日科化学,化学制品,1,20260821,10.75,-5.37,7.13,8.87,0.68,20.0,2.23,-17.62,-11.89,0,False,False,11.95,12.23,12.6
688137,近岸蛋白,生物制品,2,20260821,67.49,20.0,0.0,3.31,0.3,20.0,-2.1,-1.37,5.45,1,True,True,64.35,59.72,47.95
600577,精达股份,电网设备,1,20260821,7.87,-0.63,2.4,2.22,0.65,10.04,-0.64,-4.61,-2.96,0,False,False,8.16,8.2,7.95
000628,高新发展,房屋建设,1,20260821,41.23,4.06,7.93,7.73,1.2,9.99,0.02,2.51,3.31,1,True,True,40.82,40.0,38.66
002449,国星光电,光学光电,1,20260821,6.43,2.55,2.39,1.15,0.83,9.95,-0.47,-2.43,0.16,1,True,True,6.45,6.44,6.34
688328,深科达,专用设备,1,20260821,75.97,2.15,7.36,6.81,0.82,19.99,0.08,-9.66,-3.77,1,True,True,80.47,79.55,73.81
003031,中瓷电子,通信设备,1,20260821,129.13,-0.09,5.17,3.79,0.85,10.0,-0.73,-9.76,9.2,0,True,True,135.03,125.9,113.5
000603,盛达资源,贵金属,1,20260821,33.28,6.36,6.1,14.28,1.67,10.01,2.91,0.18,3.32,1,False,True,32.59,33.57,29.83
002638,勤上股份,照明设备,1,20260821,3.75,3.02,3.57,2.63,1.11,10.13,-1.33,7.14,6.53,1,False,True,3.66,3.66,3.59
002045,国光电器,消费电子,1,20260821,8.28,3.5,5.25,3.25,1.14,10.02,0.12,-1.78,-2.7,1,False,False,8.26,8.49,8.34
002491,通鼎互联,通信设备,2,20260821,19.27,9.99,11.93,19.1,0.92,10.02,4.1,-5.07,1.74,1,True,True,19.24,18.58,16.86
300016,北陆药业,化学制药,1,20260821,8.7,4.82,4.1,6.06,1.5,20.0,-1.03,-0.11,-0.57,1,True,True,8.61,8.59,8.2
300006,莱美药业,化学制药,1,20260820,4.95,-4.07,5.23,2.15,0.81,20.0,20.0,-6.43,-7.82,0,False,False,5.21,5.22,5.09
300142,沃森生物,生物制品,1,20260820,12.6,-3.67,4.51,4.06,0.95,20.0,20.0,-5.12,-4.26,0,True,False,13.12,13.04,12.69
688276,百克生物,生物制品,1,20260820,15.59,-0.38,2.56,0.45,0.87,20.01,20.01,-2.38,-1.02,0,True,True,15.79,15.71,15.18
688658,悦康药业,化学制药,1,20260820,12.91,-4.44,5.63,2.79,0.92,19.98,19.98,-5.49,-3.51,0,True,True,13.43,13.27,12.73
001277,速达股份,专用设备,2,20260820,32.97,10.01,11.21,5.52,3.02,10.01,10.01,12.99,12.41,4,True,True,30.18,29.48,28.12
002399,海普瑞,化学制药,1,20260820,10.25,-2.01,2.96,0.39,0.5,10.05,7.51,-3.39,-3.67,0,True,True,10.52,10.46,10.04
300122,智飞生物,生物制品,1,20260820,12.07,-3.29,3.93,1.59,0.78,19.97,19.88,-7.58,-8.28,0,False,False,12.74,12.98,12.89
603590,康辰药业,生物制品,1,20260820,31.21,-3.28,3.87,1.4,0.82,10.0,10.0,-4.64,-5.31,0,False,False,32.4,32.46,31.68
002940,昂利康,化学制药,1,20260820,25.83,-4.05,4.31,3.9,0.78,9.99,8.67,-3.76,-3.83,0,True,True,26.74,26.59,25.57
002365,永安药业,化学制药,1,20260820,14.33,-7.85,6.95,23.79,2.49,9.98,8.93,8.4,5.99,0,True,True,14.13,13.81,13.18
000590,古汉医药,中药Ⅱ,1,20260820,8.81,-2.76,3.42,1.6,1.5,9.99,2.61,-2.33,-2.33,0,True,True,9.0,8.95,8.56
920344,三元基因,生物制品,1,20260820,19.05,-5.65,7.23,1.34,0.77,29.97,20.73,-3.59,-2.91,0,True,True,19.77,19.68,19.04
688105,诺唯赞,生物制品,1,20260820,21.27,-8.12,8.03,3.32,0.89,19.98,17.54,-14.82,-9.87,0,True,True,23.47,22.95,20.41
603801,志邦家居,家居用品,2,20260820,6.57,10.05,7.04,3.12,2.63,10.05,4.41,10.79,8.77,2,True,True,6.06,5.99,5.82
603988,中电电机,电机Ⅱ,1,20260820,19.27,-5.35,4.72,3.62,0.63,10.02,2.75,-11.93,-18.38,0,False,False,20.9,22.01,20.28
002030,达安基因,医疗器械,1,20260820,5.43,-3.38,4.27,1.85,1.03,9.94,5.52,-5.89,-3.72,0,True,False,5.64,5.63,5.52
688114,华大智造,医疗器械,1,20260820,57.59,-8.15,9.27,2.6,0.81,20.0,11.13,-14.04,-9.9,0,True,True,64.43,61.65,55.33
001210,金房能源,电力,1,20260820,27.05,-2.94,7.18,11.78,1.62,10.02,4.07,12.52,23.18,0,True,True,25.58,23.79,20.96
300841,康华生物,生物制品,1,20260820,50.26,-7.3,8.19,6.16,1.76,20.0,18.94,2.91,3.63,0,True,True,50.23,49.12,47.15
688426,康为世纪,医疗器械,1,20260820,19.06,-1.35,4.09,1.04,0.76,19.99,7.56,-0.31,-1.45,0,True,True,19.23,19.16,17.78
603036,如通股份,专用设备,1,20260820,14.08,2.47,4.22,5.12,2.2,10.01,1.78,3.91,3.53,3,True,True,13.74,13.5,12.78
002743,富煌钢构,专业工程,1,20260820,4.02,-10.07,7.16,3.22,1.6,9.95,0.75,0.25,-1.71,0,True,True,4.11,4.05,3.82
000520,凤凰航运,航运港口,1,20260820,4.01,-4.3,5.73,3.44,1.43,9.98,4.49,4.43,0.75,0,True,True,4.03,3.99,3.9
601877,正泰电器,电网设备,1,20260820,23.89,-3.47,3.11,0.9,1.29,10.0,5.02,-4.48,-6.24,0,False,False,24.77,25.09,25.12
603285,键邦股份,化学制品,1,20260820,34.1,-10.0,11.01,13.23,1.13,10.0,1.17,1.19,3.46,0,True,True,35.22,34.83,32.95
301166,优宁维,生物制品,1,20260820,28.38,-3.14,4.03,2.76,0.75,20.01,7.43,-6.83,-1.29,0,True,True,29.48,28.86,26.99
002579,中京电子,元件,1,20260820,13.9,-8.25,7.19,13.18,1.08,10.0,2.88,-6.52,-7.15,0,True,True,14.8,14.74,13.22
603519,立霸股份,家电零部,1,20260820,15.03,-2.59,6.22,3.14,1.03,9.98,5.99,-1.25,-3.53,0,False,False,15.36,15.53,15.17
603882,金域医学,医疗服务,1,20260820,27.96,-3.39,3.49,1.73,0.69,10.01,4.76,-6.99,-7.63,0,False,False,29.31,29.62,28.35
300109,新开源,化学制品,1,20260820,13.32,-5.06,4.42,1.9,1.41,19.97,12.46,-3.27,-2.06,0,True,True,13.72,13.57,13.23
600250,南京商旅,旅游及景,1,20260820,8.4,-0.83,2.13,1.69,1.06,10.0,2.5,-1.06,-2.89,0,False,True,8.48,8.5,8.32
300363,博腾股份,医疗服务,1,20260820,20.4,-5.38,7.19,5.86,0.76,20.0,9.8,-6.72,-5.25,0,True,True,21.62,21.05,18.59
603177,德创环保,环境治理,1,20260820,10.0,-7.06,11.06,5.34,0.97,10.0,1.6,-2.25,6.04,0,True,True,10.08,9.67,9.12
603716,塞力医疗,医药商业,1,20260820,15.73,-5.75,5.81,5.86,0.66,9.98,4.83,-9.34,-12.71,0,False,False,16.91,17.46,16.53
000007,全新好,一般零售,1,20260820,10.99,-5.99,8.38,5.01,1.92,10.01,1.55,2.42,1.48,0,True,True,11.01,10.63,9.92
002552,宝鼎科技,元件,1,20260820,51.85,-9.98,14.5,11.54,1.03,10.01,2.76,-14.51,-13.68,0,True,True,58.15,54.87,45.6
300765,石药创新,化学制药,1,20260820,43.15,-2.82,4.84,1.75,0.88,20.0,15.78,5.84,0.94,0,True,True,42.81,42.21,39.83
605116,奥锐特,化学制药,1,20260820,20.0,-1.91,3.48,0.87,0.74,10.0,5.65,-3.98,-3.38,0,True,True,20.6,20.49,19.97
600539,狮头股份,互联网电,1,20260820,13.96,-4.05,7.56,8.93,1.69,10.03,0.0,-1.9,-6.68,0,False,False,14.29,14.67,15.05
300601,康泰生物,生物制品,1,20260820,12.06,-2.58,3.63,1.73,0.93,19.98,12.02,-4.96,-4.74,0,False,False,12.49,12.57,12.43
001360,南矿集团,专用设备,1,20260820,16.46,-5.94,5.2,3.76,0.61,10.02,2.07,3.07,-1.79,0,True,True,16.55,16.29,15.31
601118,海南橡胶,种植业,1,20260820,5.64,-0.88,6.15,3.28,1.9,9.93,-1.6,6.82,2.73,0,True,True,5.49,5.46,5.21
603578,三星新材,家电零部,1,20260820,12.5,-6.3,6.37,2.43,1.13,10.0,2.24,-2.34,-3.55,0,True,True,12.91,12.58,11.95
002811,郑中设计,装修装饰,1,20260820,12.11,-0.66,4.68,7.45,1.84,9.99,3.14,7.17,15.66,0,True,True,11.49,10.95,10.37
605080,浙江自然,文娱用品,1,20260820,20.31,-0.68,3.47,1.64,1.9,10.0,-0.1,-0.49,-2.26,0,False,True,20.39,20.48,20.11
688433,华曙高科,通用设备,1,20260820,86.04,-12.28,14.24,2.3,1.73,20.0,2.28,-9.24,-10.24,0,True,True,93.47,92.82,83.47
300710,万隆光电,通信设备,1,20260820,26.89,-5.62,6.11,2.95,1.08,20.01,1.0,-5.38,-7.37,0,False,False,28.26,28.36,27.34
002313,日海智能,通信设备,1,20260820,7.98,-5.23,4.28,1.61,0.66,10.03,0.25,-7.85,-6.88,0,True,False,8.45,8.41,8.11
600327,大东方,一般零售,1,20260820,3.85,-2.53,4.56,1.92,0.43,10.13,0.78,-3.75,-4.47,0,True,True,4.0,3.91,3.73
600211,西藏药业,生物制品,1,20260820,38.05,-1.93,2.53,1.21,0.69,10.01,5.78,-3.38,-2.29,0,False,False,39.07,39.07,38.71
300009,安科生物,生物制品,1,20260820,8.46,-2.53,3.8,2.11,0.64,19.98,11.11,-5.47,-0.24,0,True,True,8.74,8.6,8.4
001333,光华股份,塑料,1,20260820,20.17,-4.68,4.91,3.48,1.72,10.01,1.74,5.27,2.8,0,True,True,19.93,19.7,18.89
003010,若羽臣,互联网电,1,20260820,26.51,-5.32,5.61,4.72,0.94,10.0,0.23,-5.29,-9.43,0,False,False,27.78,27.83,26.7
000523,红棉股份,综合Ⅱ,1,20260820,3.21,5.59,8.55,8.86,5.32,9.97,-3.74,9.93,8.08,3,True,True,3.01,2.97,2.9
603666,亿嘉和,自动化设,1,20260820,23.7,-9.95,9.73,2.97,1.95,10.0,0.97,-6.03,-9.61,0,False,True,25.34,25.64,23.63
002333,罗普斯金,装修建材,1,20260819,5.76,3.23,3.76,2.08,2.42,10.07,10.07,4.16,2.86,3,True,True,5.61,5.55,5.39
600783,鲁信创投,通用设备,1,20260819,18.35,-2.86,2.96,2.78,0.72,10.03,10.03,-1.02,7.0,0,True,True,18.36,18.19,16.78
000020,深华发Ａ,光学光电,2,20260819,12.49,10.04,12.16,3.71,2.46,10.01,9.69,11.62,11.82,3,True,True,11.52,11.28,10.76
601011,宝泰隆,焦炭Ⅱ,1,20260819,2.76,3.37,9.74,5.12,3.89,10.14,8.33,3.37,2.22,2,True,True,2.7,2.68,2.6
603506,南都物业,房地产服,1,20260819,10.8,-0.18,2.22,1.28,0.6,10.0,8.89,2.96,1.98,0,True,True,10.7,10.55,9.95
001301,尚太科技,电池,1,20260819,56.66,1.18,3.73,1.94,0.95,10.01,5.79,5.39,3.11,3,False,True,54.99,54.11,54.26
002900,哈三联,化学制药,1,20260819,14.21,-4.76,5.76,12.0,0.56,9.99,0.63,-0.07,-2.54,0,True,True,14.38,13.97,12.91
603102,百合股份,食品加工,1,20260819,40.87,-4.15,14.4,14.0,1.57,9.98,7.9,0.91,8.81,0,True,True,40.82,38.42,35.08
000526,学大教育,教育,2,20260819,35.54,10.0,0.0,2.64,0.67,9.99,4.98,3.86,-1.96,1,False,True,34.24,35.02,34.51
000736,中交发展,房地产服,1,20260819,4.45,-0.45,2.68,1.73,0.51,10.11,3.82,-3.68,-1.11,0,True,True,4.59,4.52,4.34
301211,亨迪药业,化学制药,1,20260819,12.12,-2.57,4.98,4.3,1.27,19.97,-0.99,2.19,3.68,0,True,True,12.06,11.7,11.13
301130,西点药业,化学制药,1,20260819,27.82,-7.97,8.01,16.6,1.8,19.99,0.58,8.21,9.57,0,True,True,28.0,26.47,24.73
603848,好太太,家居用品,1,20260819,13.33,-4.17,5.54,1.04,2.19,9.98,-0.38,-1.11,-0.52,0,True,True,13.53,13.46,13.14
001338,永顺泰,农产品加,1,20260819,8.75,1.74,3.49,2.03,2.52,10.06,-0.11,1.16,-0.34,2,False,True,8.66,8.72,8.63
603290,斯达半导,半导体,1,20260819,91.19,1.47,6.02,3.7,1.67,10.0,-3.17,5.19,4.66,3,True,True,88.61,87.88,85.27
001400,江顺科技,专用设备,1,20260819,78.13,-0.32,3.48,4.68,1.12,10.0,0.88,3.21,4.17,0,True,True,77.01,76.41,71.96
300069,金利华电,电网设备,1,20260819,28.88,-0.31,3.35,5.04,0.91,20.01,9.14,1.09,-1.77,0,False,True,28.7,28.9,28.34
601015,陕西黑猫,焦炭Ⅱ,1,20260819,3.37,0.3,2.98,2.06,0.89,10.09,0.89,-0.3,-3.16,1,False,True,3.39,3.41,3.32
603366,日出东方,厨卫电器,1,20260819,6.94,-0.43,1.58,0.82,0.75,9.94,0.29,0.14,0.58,0,True,True,6.97,6.92,6.8
002040,南 京 港,航运港口,1,20260819,8.24,-0.48,1.57,0.91,0.81,9.95,-0.49,2.36,1.85,0,True,True,8.16,8.15,8.08
002543,万和电气,厨卫电器,1,20260819,6.88,-1.01,2.45,1.49,0.79,10.03,-0.58,-6.14,3.77,0,True,True,6.96,6.8,6.68
