code,name,industry,lianban,prev_close,prev_pct,amplitude,turnover,volume_ratio,ma20,above_ma20,ma_bullish,vol_ok,is_finance,passed,total,failed
000635,英 力 特,化学原料,1,6.58,1.86,2.94,1.34,1.13,6.4,True,False,True,False,5,7,"振幅>3%,换手率>2%"
000892,欢瑞世纪,影视院线,2,3.91,3.17,7.65,9.3,2.16,3.95,False,False,False,False,7,7,
002084,海鸥住工,家居用品,7,5.8,10.06,0.0,1.04,0.51,3.8,True,True,True,False,3,7,"涨幅-5%到10%,振幅>3%,换手率>2%,量比>=0.8"
002679,福建金森,林业Ⅱ,3,10.67,10.0,10.62,5.52,3.2,9.18,True,True,True,False,6,7,涨幅-5%到10%
003005,竞业达,IT服务Ⅱ,3,15.03,10.03,10.18,4.54,2.77,13.8,True,False,True,False,6,7,涨幅-5%到10%
603721,中广天择,影视院线,2,17.36,-0.63,2.18,1.99,0.77,18.0,False,False,False,False,4,7,"振幅>3%,换手率>2%,量比>=0.8"
600892,大晟文化,游戏Ⅱ,2,4.02,0.75,2.76,4.57,0.89,3.91,True,False,False,False,6,7,振幅>3%
300413,芒果超媒,数字媒体,2,14.15,-0.21,1.06,0.94,0.67,15.36,False,False,False,False,4,7,"振幅>3%,换手率>2%,量比>=0.8"
600540,新赛股份,种植业,4,5.05,10.02,0.0,0.89,0.17,4.08,True,True,False,False,3,7,"涨幅-5%到10%,振幅>3%,换手率>2%,量比>=0.8"
002855,捷荣技术,消费电子,6,14.64,9.99,0.0,2.08,1.83,10.54,True,True,True,False,6,7,振幅>3%
002295,精艺股份,工业金属,1,9.85,-3.43,3.82,8.89,2.31,9.01,True,True,True,False,7,7,
603980,吉华集团,化学制品,1,7.1,4.11,5.57,6.61,1.89,6.85,True,False,True,False,7,7,
603533,掌阅科技,数字媒体,2,20.54,-0.82,3.38,4.3,1.65,21.83,False,False,True,False,7,7,
605577,龙版传媒,出版,2,9.65,0.84,2.4,1.04,0.68,9.82,False,False,False,False,4,7,"振幅>3%,换手率>2%,量比>=0.8"
600551,时代出版,出版,3,7.5,9.97,4.84,2.73,4.69,6.96,True,False,True,False,7,7,
603221,爱丽家居,家居用品,1,29.1,1.57,7.26,7.54,0.99,22.97,True,False,False,False,7,7,
002425,凯撒文化,游戏Ⅱ,1,3.18,0.32,2.21,2.91,0.93,3.24,False,False,False,False,6,7,振幅>3%
000505,京粮控股,农产品加,1,7.34,1.8,6.93,14.42,1.14,6.35,True,True,True,False,7,7,
601086,国芳集团,一般零售,3,8.34,10.03,8.18,2.7,2.55,7.85,True,False,True,False,6,7,涨幅-5%到10%
600371,万向德农,种植业,6,11.54,10.01,0.0,1.68,0.14,8.0,True,True,False,False,3,7,"涨幅-5%到10%,振幅>3%,换手率>2%,量比>=0.8"
002696,百洋股份,饲料,1,6.39,0.63,4.09,4.76,1.07,5.99,True,True,False,False,7,7,
000560,我爱我家,房地产服,3,2.64,10.0,6.25,10.62,1.12,2.28,True,True,False,False,6,7,涨幅-5%到10%
002181,粤 传 媒,出版,1,8.42,0.0,1.78,1.6,1.03,8.82,False,False,False,False,5,7,"振幅>3%,换手率>2%"
000019,深粮控股,农产品加,1,7.32,2.09,6.28,8.53,1.16,6.46,True,True,True,False,7,7,
002104,恒宝股份,通信设备,1,11.66,-1.35,3.21,10.01,0.61,10.79,True,True,True,False,6,7,量比>=0.8
600693,东百集团,一般零售,1,9.56,2.25,3.64,6.13,1.02,9.49,True,False,False,False,7,7,
605365,立达信,照明设备,1,14.51,1.75,6.66,1.92,1.27,13.96,True,True,True,False,6,7,换手率>2%
600313,农发种业,种植业,1,7.5,3.73,7.88,16.53,1.31,6.31,True,True,True,False,7,7,
002172,澳洋健康,医疗服务,1,4.5,-4.66,8.05,23.87,0.88,4.03,True,True,False,False,7,7,
600828,茂业商业,一般零售,1,4.09,1.74,3.73,0.79,1.08,3.97,True,True,False,False,6,7,换手率>2%
605188,国光连锁,一般零售,1,13.37,10.04,10.53,2.32,2.77,12.7,True,False,True,False,6,7,涨幅-5%到10%
600127,金健米业,农产品加,1,11.77,9.18,10.11,45.07,1.14,7.41,True,True,True,False,7,7,
000711,京蓝科技,环境治理,1,6.25,0.32,2.89,3.56,0.67,5.81,True,True,False,False,5,7,"振幅>3%,量比>=0.8"
600830,香溢融通,多元金融,1,8.42,-0.36,1.54,0.92,0.79,8.16,True,True,True,False,4,7,"振幅>3%,换手率>2%,量比>=0.8"
000564,供销大集,一般零售,1,1.56,2.63,5.26,3.03,1.63,1.46,True,False,True,False,6,7,价格2-50元
600785,新华百货,一般零售,1,12.42,6.61,13.73,25.13,1.71,9.59,True,True,True,False,7,7,
002470,金正大,农化制品,1,2.16,3.85,8.17,7.2,1.85,1.98,True,True,True,False,7,7,
002945,华林证券,证券Ⅱ,1,14.72,-0.2,3.19,0.75,1.54,14.46,True,False,True,True,5,7,"换手率>2%,非金融股"
002882,金龙羽,电网设备,1,22.03,-1.43,2.42,3.76,0.58,22.25,False,False,True,False,5,7,"振幅>3%,量比>=0.8"
600354,敦煌种业,种植业,1,8.21,10.05,10.05,20.6,1.12,6.55,True,True,True,False,6,7,涨幅-5%到10%
300189,神农种业,种植业,1,6.62,-0.15,13.27,40.66,1.22,5.45,True,True,True,False,7,7,
920855,浙江大农,专用设备,1,13.51,5.55,12.89,3.47,5.36,12.53,True,False,True,False,7,7,
605300,佳禾食品,饮料乳品,1,9.85,1.86,3.0,0.67,1.25,9.79,True,False,False,False,5,7,"振幅>3%,换手率>2%"
600121,郑州煤电,煤炭开采,2,4.46,4.45,5.62,9.26,1.15,4.05,True,True,False,False,7,7,
002041,登海种业,种植业,1,11.2,-0.27,9.44,11.49,1.28,9.54,True,True,True,False,7,7,
000721,西安饮食,酒店餐饮,1,6.95,1.02,2.47,3.6,0.82,6.64,True,True,True,False,6,7,振幅>3%
603123,翠微股份,多元金融,1,9.7,-2.12,3.13,4.38,0.45,9.45,True,False,True,False,6,7,量比>=0.8
002703,浙江世宝,汽车零部,1,16.58,-1.72,3.91,11.1,0.92,15.18,True,True,True,False,7,7,
603376,大明电子,汽车零部,1,25.77,-1.15,1.5,3.68,0.42,26.38,False,False,False,False,5,7,"振幅>3%,量比>=0.8"
002721,金一文化,饰品,1,3.06,2.34,6.69,8.78,1.13,2.79,True,True,True,False,7,7,
605068,明新旭腾,汽车零部,1,17.71,1.66,2.18,2.15,0.96,19.02,False,False,False,False,6,7,振幅>3%
003040,楚天龙,通信设备,1,18.5,-1.23,10.2,28.41,1.96,13.15,True,True,True,False,7,7,
000998,隆平高科,种植业,1,9.25,1.65,4.18,5.1,1.09,8.56,True,True,True,False,7,7,
603293,埃泰克,汽车零部,1,35.92,1.04,2.05,4.2,1.66,36.28,False,False,True,False,6,7,振幅>3%
002015,协鑫能科,电力,1,16.01,-4.25,5.38,7.77,1.0,15.56,True,False,True,False,7,7,
601566,九牧王,服装家纺,1,8.4,0.36,1.31,0.88,1.16,8.47,False,False,True,False,5,7,"振幅>3%,换手率>2%"
600792,云煤能源,焦炭Ⅱ,1,3.96,1.8,3.6,1.88,0.76,3.7,True,True,False,False,5,7,"换手率>2%,量比>=0.8"
000596,古井贡酒,白酒Ⅱ,1,93.9,1.88,3.88,0.94,1.17,93.72,True,False,False,False,5,7,"价格2-50元,换手率>2%"
603207,小方制药,化学制药,1,23.25,-1.27,1.78,4.0,0.61,23.45,False,False,False,False,5,7,"振幅>3%,量比>=0.8"
300927,江天化学,化学原料,1,31.44,2.04,12.33,18.31,1.1,24.68,True,True,True,False,7,7,
001330,博纳影业,影视院线,2,5.1,-0.2,2.54,3.39,0.68,5.07,True,False,False,False,5,7,"振幅>3%,量比>=0.8"
600967,内蒙一机,地面兵装,1,11.1,-1.16,1.69,1.29,1.61,11.36,False,False,True,False,5,7,"振幅>3%,换手率>2%"
002291,遥望科技,广告营销,1,5.2,0.39,1.54,2.28,1.26,5.42,False,False,False,False,6,7,振幅>3%
600318,新力金融,多元金融,1,6.88,-0.86,2.45,2.92,1.06,6.59,True,True,True,False,6,7,振幅>3%
002349,精华制药,中药Ⅱ,1,7.89,10.04,11.02,5.19,2.73,7.0,True,True,True,False,6,7,涨幅-5%到10%
920895,花溪科技,专用设备,1,21.12,29.97,36.55,38.17,5.9,13.35,True,True,True,False,6,7,涨幅-5%到10%
002107,沃华医药,中药Ⅱ,1,7.23,10.05,11.57,5.43,2.75,6.29,True,True,True,False,6,7,涨幅-5%到10%
000965,天保基建,房地产开,1,3.29,2.49,4.36,1.87,1.44,3.18,True,True,True,False,6,7,换手率>2%
002133,广宇集团,房地产开,1,2.82,1.44,3.24,1.52,0.97,2.7,True,True,True,False,6,7,换手率>2%
000011,深物业A,房地产开,2,9.15,9.98,10.7,2.3,1.96,8.2,True,True,True,False,7,7,
002375,亚厦股份,装修装饰,1,3.7,0.54,1.63,0.79,0.9,3.61,True,True,False,False,5,7,"振幅>3%,换手率>2%"
002886,沃特股份,塑料,3,26.4,10.0,0.0,2.03,0.15,20.44,True,True,True,False,5,7,"振幅>3%,量比>=0.8"
002098,浔兴股份,纺织制造,1,7.41,1.79,2.75,1.0,1.12,7.01,True,True,True,False,5,7,"振幅>3%,换手率>2%"
000712,锦龙股份,证券Ⅱ,4,11.8,9.97,0.0,1.69,0.41,9.37,True,True,True,False,4,7,"振幅>3%,换手率>2%,量比>=0.8"
002534,西子洁能,其他电源,1,15.02,-0.53,3.31,1.07,1.2,15.45,False,False,False,False,6,7,换手率>2%
002169,智光电气,电网设备,1,12.19,-0.81,2.12,1.58,0.85,12.61,False,False,False,False,5,7,"振幅>3%,换手率>2%"
600691,潞化科技,农化制品,2,2.94,10.11,10.86,3.41,2.22,2.54,True,True,True,False,6,7,涨幅-5%到10%
001221,悍高集团,家居用品,1,37.52,-1.91,1.8,3.0,0.82,39.97,False,False,True,False,6,7,振幅>3%
601882,海天精工,通用设备,1,19.92,-0.6,2.3,0.95,1.12,20.16,False,False,True,False,5,7,"振幅>3%,换手率>2%"
600110,诺德股份,电池,1,10.94,-5.69,4.4,12.39,0.86,10.31,True,True,True,False,6,7,涨幅-5%到10%
603270,金帝股份,通用设备,1,27.5,-1.96,4.74,5.41,1.27,27.56,False,False,False,False,7,7,
600227,赤天化,农化制品,2,4.58,10.1,11.06,28.89,1.35,3.66,True,True,True,False,6,7,涨幅-5%到10%
603269,海鸥股份,通用设备,3,22.18,10.02,5.95,3.59,0.69,16.73,True,True,False,False,5,7,"涨幅-5%到10%,量比>=0.8"
605287,德才股份,装修装饰,1,37.8,2.0,6.5,2.92,1.56,38.36,False,False,False,False,7,7,
603216,梦天家居,家居用品,1,20.59,0.0,2.91,1.07,0.79,20.75,False,False,True,False,4,7,"振幅>3%,换手率>2%,量比>=0.8"
601330,绿色动力,环境治理,1,7.1,0.42,1.27,0.77,1.38,7.13,False,False,True,False,5,7,"振幅>3%,换手率>2%"
603893,瑞芯微,半导体,1,176.9,-2.47,2.64,1.71,0.85,192.68,False,False,False,False,4,7,"价格2-50元,振幅>3%,换手率>2%"
603978,深圳新星,金属新材,1,19.02,0.48,2.48,3.23,1.1,19.24,False,False,True,False,6,7,振幅>3%
301151,冠龙节能,通用设备,1,17.28,0.76,5.83,1.76,1.22,16.79,True,False,False,False,6,7,换手率>2%
002081,金 螳 螂,装修装饰,1,5.6,-1.58,4.75,12.49,0.83,4.9,True,False,False,False,7,7,
603989,艾华集团,元件,1,28.6,0.78,6.62,5.54,1.4,28.53,True,False,True,False,7,7,
003018,金富科技,包装印刷,1,44.89,-4.59,6.35,7.95,1.11,40.61,True,True,True,False,7,7,
002909,集泰股份,化学制品,1,5.47,1.86,3.72,3.76,1.97,5.17,True,True,True,False,7,7,
002903,宇环数控,通用设备,1,28.95,-0.92,7.8,19.92,0.98,28.82,True,True,True,False,7,7,
003036,泰坦股份,专用设备,1,54.19,0.43,7.17,4.07,1.41,52.78,True,False,True,False,6,7,价格2-50元
002328,新朋股份,汽车零部,1,7.73,-0.39,2.71,7.7,1.6,7.26,True,True,True,False,6,7,振幅>3%
002830,名雕股份,装修装饰,1,14.34,0.49,2.31,2.62,1.01,13.7,True,True,False,False,6,7,振幅>3%
002418,康盛股份,家电零部,1,4.9,-0.2,11.61,42.89,4.25,3.92,True,True,True,False,7,7,
002921,联诚精密,汽车零部,1,21.11,-0.24,3.21,3.27,1.09,22.26,False,False,True,False,7,7,
002141,贤丰控股,元件,1,6.45,2.87,5.26,14.76,1.16,6.29,True,False,True,False,7,7,
603358,华达科技,汽车零部,1,45.2,-5.2,10.19,3.09,1.57,43.81,True,False,True,False,6,7,涨幅-5%到10%
002881,美格智能,通信设备,1,40.82,-1.07,7.08,7.52,1.76,38.63,True,True,True,False,7,7,
600722,金牛化工,化学原料,2,15.27,10.01,12.75,20.7,1.02,12.61,True,True,False,False,6,7,涨幅-5%到10%
603559,中通国脉,通信服务,2,9.58,9.99,10.1,7.03,2.85,9.04,True,False,False,False,7,7,
920223,荣亿精密,通用设备,1,12.18,12.99,15.49,10.23,3.35,11.21,True,False,True,False,6,7,涨幅-5%到10%
603178,圣龙股份,汽车零部,1,16.23,-1.52,3.09,2.68,0.89,16.96,False,False,False,False,7,7,
002660,茂硕电源,消费电子,1,7.62,1.06,2.25,1.11,0.81,7.28,True,True,False,False,5,7,"振幅>3%,换手率>2%"
603685,晨丰科技,光学光电,1,24.03,-0.21,2.91,0.91,1.37,25.67,False,False,True,False,5,7,"振幅>3%,换手率>2%"
301231,荣信文化,出版,1,26.07,-1.29,3.07,4.78,0.91,27.28,False,False,False,False,7,7,
601595,上海电影,影视院线,1,16.66,0.0,1.5,0.62,0.56,17.25,False,False,False,False,4,7,"振幅>3%,换手率>2%,量比>=0.8"
603058,永吉股份,包装印刷,1,9.38,1.19,3.45,1.26,0.94,9.56,False,False,False,False,6,7,换手率>2%
301218,华是科技,IT服务Ⅱ,1,48.45,6.25,12.37,22.4,0.97,44.43,True,True,True,False,7,7,
605118,力鼎光电,计算机设,1,29.84,1.22,4.68,1.15,1.9,29.23,True,False,False,False,6,7,换手率>2%
300364,中文在线,数字媒体,1,22.73,0.66,4.3,7.95,1.6,24.26,False,False,False,False,7,7,
603950,长源东谷,汽车零部,1,59.85,-8.11,8.05,3.67,1.25,59.69,True,True,True,False,5,7,"涨幅-5%到10%,价格2-50元"
920021,流金科技,电视广播,1,6.81,1.79,3.74,6.42,2.44,7.02,False,False,True,False,7,7,
603201,常润股份,汽车零部,1,14.88,0.27,1.62,1.19,0.88,15.86,False,False,False,False,5,7,"振幅>3%,换手率>2%"
603113,金能科技,化学原料,1,5.52,3.56,3.94,4.72,1.07,4.87,True,True,False,False,7,7,
601929,吉视传媒,电视广播,1,2.34,0.43,1.29,1.52,1.02,2.39,False,False,False,False,5,7,"振幅>3%,换手率>2%"
301262,海看股份,广告营销,1,18.61,0.27,1.45,2.71,0.94,19.53,False,False,True,False,6,7,振幅>3%
603139,康惠股份,中药Ⅱ,1,34.63,-2.26,2.77,1.34,0.9,35.24,False,False,False,False,5,7,"振幅>3%,换手率>2%"
002303,美盈森,包装印刷,1,5.17,1.77,7.09,4.42,1.18,5.05,True,False,False,False,7,7,
603068,博通集成,半导体,1,35.74,-1.95,3.57,5.35,0.88,39.29,False,False,False,False,7,7,
300911,亿田智能,厨卫电器,1,22.19,0.23,4.65,5.31,0.67,22.46,False,False,False,False,6,7,量比>=0.8
600246,万通发展,房地产开,1,12.12,-2.81,5.37,4.24,0.86,12.12,False,False,False,False,7,7,
603090,宏盛股份,通用设备,1,38.3,-1.06,5.06,2.3,0.97,38.68,False,False,False,False,7,7,
002757,南兴股份,专用设备,1,15.89,-0.31,2.82,3.85,1.44,16.92,False,False,False,False,6,7,振幅>3%
600671,天目药业,中药Ⅱ,1,20.78,2.87,5.99,2.64,1.91,21.17,False,False,False,False,7,7,
002875,安奈儿,服装家纺,1,13.17,1.7,2.16,1.78,0.92,13.45,False,False,False,False,5,7,"振幅>3%,换手率>2%"
002396,星网锐捷,通信设备,3,36.69,10.01,9.87,15.16,1.38,30.78,True,True,True,False,6,7,涨幅-5%到10%
000977,浪潮信息,计算机设,1,77.44,-1.06,3.13,3.49,1.01,76.28,True,False,False,False,6,7,价格2-50元
603313,梦百合,家居用品,1,6.13,1.32,3.31,3.27,1.57,6.11,True,False,False,False,7,7,
603001,奥康国际,服装家纺,1,8.21,-1.32,2.52,2.08,0.76,7.66,True,True,False,False,5,7,"振幅>3%,量比>=0.8"
002008,大族激光,自动化设,1,87.62,-2.64,3.67,2.63,0.75,92.12,False,False,False,False,5,7,"价格2-50元,量比>=0.8"
603236,移远通信,通信设备,1,56.04,-1.02,2.54,1.77,0.62,54.37,True,False,False,False,3,7,"价格2-50元,振幅>3%,换手率>2%,量比>=0.8"
603459,红板科技,元件,1,86.34,-3.48,3.94,13.09,1.1,92.31,False,False,False,False,6,7,价格2-50元
601136,首创证券,证券Ⅱ,1,14.42,0.77,2.17,0.51,1.46,14.31,True,False,True,True,4,7,"振幅>3%,换手率>2%,非金融股"
603297,永新光学,光学光电,1,105.33,-1.82,2.83,0.85,0.86,103.69,True,False,False,False,4,7,"价格2-50元,振幅>3%,换手率>2%"
002942,新农股份,农化制品,3,19.01,10.01,0.0,1.63,0.86,15.71,True,True,True,False,4,7,"涨幅-5%到10%,振幅>3%,换手率>2%"
600378,昊华科技,化学制品,2,48.46,10.01,7.4,2.79,0.69,45.98,True,False,False,False,5,7,"涨幅-5%到10%,量比>=0.8"
600654,中安科,软件开发,2,3.3,10.0,8.33,4.37,2.18,2.96,True,False,False,False,7,7,
002631,德尔未来,家居用品,1,9.18,3.85,7.47,4.37,0.89,8.44,True,True,True,False,7,7,
002742,冀衡医药,化学制药,4,5.67,10.1,0.0,1.9,0.24,4.27,True,True,False,False,3,7,"涨幅-5%到10%,振幅>3%,换手率>2%,量比>=0.8"
002354,天娱数科,广告营销,1,7.14,1.56,2.28,9.93,1.17,7.68,False,False,False,False,6,7,振幅>3%
603900,莱绅通灵,饰品,2,7.14,10.02,12.48,8.09,1.18,6.18,True,True,True,False,6,7,涨幅-5%到10%
300378,鼎捷数智,软件开发,1,31.21,3.41,4.04,2.85,0.93,34.3,False,False,False,False,7,7,
002279,久其软件,软件开发,1,6.41,0.94,1.57,2.0,0.78,6.75,False,False,False,False,5,7,"振幅>3%,量比>=0.8"
000017,深中华A,饰品,7,10.41,10.04,8.88,13.51,1.32,6.76,True,True,True,False,6,7,涨幅-5%到10%
000059,华锦股份,炼化及贸,1,5.06,5.42,7.71,3.34,0.87,4.69,True,True,False,False,7,7,
600929,雪天盐业,化学原料,1,5.49,2.23,4.1,1.26,1.19,5.33,True,False,False,False,6,7,换手率>2%
600479,千金药业,中药Ⅱ,3,12.12,9.98,4.72,25.82,10.64,10.05,True,True,True,False,7,7,
603045,福达合金,金属新材,1,56.53,4.61,6.88,7.54,1.04,53.8,True,True,True,False,6,7,价格2-50元
600162,香江控股,房地产开,2,4.87,9.93,10.61,4.13,0.78,4.06,True,True,False,False,6,7,量比>=0.8
002212,天融信,软件开发,1,6.3,1.29,2.41,3.43,1.34,6.55,False,False,False,False,6,7,振幅>3%
688152,麒麟信安,软件开发,1,31.7,2.32,3.81,3.99,0.71,30.39,True,False,False,False,6,7,量比>=0.8
002165,红 宝 丽,化学制品,1,7.61,2.15,10.2,17.54,0.79,7.07,True,True,True,False,6,7,量比>=0.8
001288,运机集团,专用设备,1,25.87,-0.15,3.05,1.83,0.77,26.35,False,False,False,False,5,7,"换手率>2%,量比>=0.8"
603778,国晟科技,光伏设备,1,9.42,0.75,2.46,3.29,0.86,10.11,False,False,False,False,6,7,振幅>3%
603016,新宏泰,电网设备,1,28.81,-0.31,1.73,1.76,0.48,29.16,False,False,True,False,4,7,"振幅>3%,换手率>2%,量比>=0.8"
002918,蒙娜丽莎,家居用品,1,10.3,2.28,2.98,5.04,1.16,9.91,True,True,False,False,6,7,振幅>3%
002952,亚世光电,光学光电,1,19.81,1.75,5.29,3.45,2.07,19.7,True,False,True,False,7,7,
603011,合锻智能,专用设备,2,25.14,10.02,13.79,10.52,1.45,22.81,True,False,False,False,6,7,涨幅-5%到10%
603082,北自科技,自动化设,1,40.55,-2.94,4.69,13.28,1.1,40.01,True,True,True,False,7,7,
603007,顺景科技,汽车零部,1,4.88,-0.2,2.25,1.97,0.83,4.77,True,False,False,False,5,7,"振幅>3%,换手率>2%"
002971,和远气体,化学制品,1,42.8,3.18,4.89,9.86,1.13,42.25,True,False,False,False,7,7,
605006,山东玻纤,玻璃玻纤,1,14.13,3.14,3.87,3.66,1.08,14.2,False,False,False,False,7,7,
603171,税友股份,IT服务Ⅱ,1,40.31,0.05,1.76,1.45,1.06,45.19,False,False,False,False,4,7,"振幅>3%,换手率>2%,股价>MA20*0.9"
002229,鸿博股份,IT服务Ⅱ,1,11.17,2.1,3.66,9.04,0.99,11.46,False,False,False,False,7,7,
601003,柳钢股份,普钢,1,3.68,-0.81,2.16,0.6,1.18,3.78,False,False,False,False,5,7,"振幅>3%,换手率>2%"
601700,风范股份,电网设备,1,7.62,-1.04,7.66,17.35,1.08,6.9,True,True,False,False,7,7,
601222,林洋能源,电网设备,1,5.54,-0.36,1.98,0.78,1.4,5.61,False,False,False,False,5,7,"振幅>3%,换手率>2%"
002949,华阳国际,工程咨询,1,12.8,-6.43,5.85,20.17,2.47,10.92,True,True,True,False,6,7,涨幅-5%到10%
001376,百通能源,电力,1,10.53,0.0,1.52,2.82,0.79,11.1,False,False,False,False,5,7,"振幅>3%,量比>=0.8"
000798,中水渔业,渔业,1,9.2,0.22,1.74,4.44,0.89,8.47,True,True,False,False,6,7,振幅>3%
000716,黑芝麻,休闲食品,1,5.15,3.0,3.4,5.92,0.77,4.94,True,False,False,False,6,7,量比>=0.8
603608,天创时尚,服装家纺,1,17.91,1.24,3.56,2.4,0.77,18.66,False,False,False,False,6,7,量比>=0.8
002915,中欣氟材,化学制品,1,17.15,2.57,4.01,2.18,1.34,17.39,False,False,False,False,7,7,
002578,闽发铝业,工业金属,1,3.94,-1.5,2.5,3.0,0.72,3.54,True,True,False,False,5,7,"振幅>3%,量比>=0.8"
000062,深圳华强,其他电子,1,22.59,2.12,2.44,1.58,1.38,22.79,False,False,False,False,5,7,"振幅>3%,换手率>2%"
603029,天鹅股份,专用设备,1,16.62,2.72,6.98,4.44,2.32,15.56,True,True,False,False,7,7,
603396,金辰股份,光伏设备,1,29.0,1.97,10.51,12.1,6.05,25.75,True,True,True,False,7,7,
605566,福莱蒽特,化学制品,1,25.92,2.17,3.74,1.93,1.16,25.53,True,False,True,False,6,7,换手率>2%
000626,远大控股,物流,1,8.55,4.01,6.2,3.12,0.98,7.81,True,True,False,False,7,7,
000567,海德股份,多元金融,1,6.37,3.07,4.85,1.58,1.96,6.14,True,False,True,False,6,7,换手率>2%
003030,祖名股份,农产品加,1,21.92,0.0,2.01,3.26,1.03,22.07,False,False,False,False,6,7,振幅>3%
600815,厦工股份,工程机械,1,4.05,5.74,8.09,4.73,1.48,3.67,True,False,True,False,7,7,
002427,尤夫股份,化学纤维,1,4.72,-1.87,2.29,5.18,1.1,4.44,True,True,True,False,6,7,振幅>3%
600251,冠农股份,农产品加,1,10.7,1.9,3.33,3.19,1.28,9.9,True,True,False,False,7,7,
603086,先达股份,农化制品,1,5.75,0.88,1.93,1.77,1.12,5.62,True,False,False,False,5,7,"振幅>3%,换手率>2%"
000925,众合科技,轨交设备,1,8.53,0.35,7.18,9.23,1.47,7.88,True,True,True,False,7,7,
600689,上海三毛,综合Ⅱ,1,11.11,0.63,2.26,1.2,0.76,10.53,True,True,False,False,4,7,"振幅>3%,换手率>2%,量比>=0.8"
002486,嘉麟杰,服装家纺,1,2.68,-0.74,2.22,3.51,1.31,2.49,True,True,False,False,6,7,振幅>3%
688209,英集芯,半导体,1,24.62,9.86,10.08,4.56,2.06,22.05,True,True,True,False,7,7,
600714,金瑞矿业,化学原料,1,17.38,0.35,5.48,15.2,1.41,15.39,True,True,True,False,7,7,
000912,泸天化,农化制品,1,3.96,1.54,2.82,2.11,0.84,3.72,True,True,True,False,6,7,振幅>3%
002437,誉衡药业,化学制药,1,4.42,6.76,9.66,36.15,1.21,3.85,True,False,False,False,7,7,
000565,渝三峡Ａ,化学制品,1,6.02,-0.17,1.33,1.62,0.53,5.97,True,False,False,False,4,7,"振幅>3%,换手率>2%,量比>=0.8"
002155,湖南黄金,贵金属,1,24.56,-1.84,4.76,3.06,1.1,24.15,True,False,False,False,7,7,
600613,神奇制药,化学制药,1,10.55,2.73,6.62,29.03,1.04,6.68,True,True,True,False,7,7,
603237,五芳斋,食品加工,1,14.44,0.56,2.23,0.54,0.89,14.33,True,False,False,False,5,7,"振幅>3%,换手率>2%"
000890,法尔胜,环保设备,2,7.98,10.07,10.07,4.33,1.59,7.29,True,False,False,False,6,7,涨幅-5%到10%
600103,青山纸业,造纸,3,3.47,10.16,9.52,10.18,2.63,2.97,True,True,True,False,6,7,涨幅-5%到10%
000576,甘化科工,地面兵装,1,7.27,0.69,1.8,1.54,1.03,7.13,True,False,False,False,5,7,"振幅>3%,换手率>2%"
301666,大普微-UW,计算机设,1,391.0,-1.26,4.04,6.16,0.74,422.75,False,False,False,False,5,7,"价格2-50元,量比>=0.8"
600721,百花医药,医疗服务,1,15.16,1.34,9.89,33.84,1.06,11.85,True,True,False,False,7,7,
000951,中国重汽,商用车,1,20.35,1.4,3.54,0.75,0.84,21.5,False,False,True,False,6,7,换手率>2%
600359,新农开发,种植业,1,6.79,-0.29,3.52,4.52,0.75,6.3,True,True,False,False,6,7,量比>=0.8
002072,凯瑞德,贸易Ⅱ,2,8.09,10.07,10.2,8.14,5.67,7.29,True,True,True,False,6,7,涨幅-5%到10%
603618,杭电股份,电网设备,2,31.92,9.99,3.17,11.49,1.14,27.12,True,True,False,False,7,7,
603261,立航科技,航空装备,1,53.39,6.78,7.4,3.67,2.04,50.62,True,False,True,False,6,7,价格2-50元
300368,汇金股份,计算机设,1,8.02,3.08,9.9,8.88,1.95,8.74,False,False,True,False,7,7,
600095,湘财股份,证券Ⅱ,2,8.67,10.03,10.15,2.86,4.46,8.14,True,False,False,False,6,7,涨幅-5%到10%
603938,三孚股份,化学原料,1,40.87,-1.73,4.88,2.53,0.6,41.42,False,False,False,False,6,7,量比>=0.8
601869,长飞光纤,通信设备,1,388.02,-1.64,6.97,4.6,1.3,338.08,True,True,False,False,6,7,价格2-50元
002953,日丰股份,电网设备,1,10.8,-1.19,3.39,8.11,0.69,10.14,True,True,True,False,6,7,量比>=0.8
603002,宏昌电子,电子化学,1,15.37,-0.97,6.19,4.01,0.7,14.93,True,False,False,False,6,7,量比>=0.8
600683,京投发展,房地产开,1,10.04,-1.47,3.63,4.1,0.59,9.85,True,False,False,False,6,7,量比>=0.8
603580,艾艾精工,塑料,1,73.2,-1.9,6.9,8.74,0.73,61.0,True,True,True,False,5,7,"价格2-50元,量比>=0.8"
000586,汇源通信,通信设备,1,13.1,1.24,5.26,4.54,1.65,12.13,True,True,True,False,7,7,
002980,华盛昌,电网设备,1,92.77,-1.85,7.85,8.3,0.68,85.95,True,False,False,False,5,7,"价格2-50元,量比>=0.8"
002536,飞龙股份,汽车零部,1,49.3,-4.38,6.9,10.53,1.05,41.64,True,True,True,False,7,7,
301399,英特科技,通用设备,1,17.7,1.55,6.94,8.79,2.09,16.69,True,False,True,False,7,7,
600108,亚盛集团,种植业,1,3.44,2.08,5.93,7.02,0.67,3.24,True,True,False,False,6,7,量比>=0.8
600969,郴电国际,电力,2,9.5,9.95,10.65,4.43,2.72,8.57,True,True,False,False,7,7,
603137,恒尚节能,装修装饰,1,22.22,2.07,5.37,8.16,0.88,25.8,False,False,False,False,6,7,股价>MA20*0.9
300456,赛微电子,半导体,1,30.88,-0.52,3.41,2.16,0.75,31.08,False,False,False,False,6,7,量比>=0.8
603435,嘉德利,电子化学,1,48.45,-1.44,3.86,3.89,0.6,51.31,False,False,False,False,6,7,量比>=0.8
688790,昂瑞微-UW,半导体,1,95.08,-0.12,2.59,1.89,0.87,96.4,False,False,False,False,4,7,"价格2-50元,振幅>3%,换手率>2%"
301591,肯特股份,塑料,1,42.0,5.47,20.32,36.14,1.59,32.19,True,True,True,False,7,7,
600397,江钨装备,专用设备,1,17.3,-1.48,4.67,7.79,0.78,16.68,True,False,False,False,6,7,量比>=0.8
002134,天津普林,元件,1,20.57,-1.72,4.44,1.86,0.76,21.11,False,False,False,False,5,7,"换手率>2%,量比>=0.8"
002190,成飞集成,汽车零部,1,23.2,1.53,5.6,1.73,1.3,23.43,False,False,True,False,6,7,换手率>2%
605258,协和电子,元件,1,29.0,2.36,4.2,3.31,1.31,26.73,True,True,True,False,7,7,
002636,金安国纪,元件,1,63.1,-1.5,5.37,6.11,1.06,61.58,True,False,False,False,6,7,价格2-50元
688300,联瑞新材,非金属材,1,155.2,6.48,11.58,8.43,1.59,140.73,True,False,True,False,6,7,价格2-50元
000962,东方钽业,小金属,1,52.32,0.63,3.87,4.14,0.87,51.81,True,False,False,False,6,7,价格2-50元
600330,天通股份,电子化学,1,26.5,-3.32,6.53,10.56,0.91,23.54,True,True,False,False,7,7,
002515,金字火腿,食品加工,1,7.8,-6.59,7.54,8.65,0.91,7.43,True,True,False,False,6,7,涨幅-5%到10%
600641,先导基电,半导体,1,30.91,-1.75,4.83,4.44,0.65,31.03,False,False,False,False,6,7,量比>=0.8
002824,和胜股份,工业金属,1,24.25,-4.04,6.25,10.08,1.4,23.03,True,False,True,False,7,7,
601208,东材科技,塑料,1,44.64,0.77,5.46,4.32,0.74,43.36,True,False,False,False,6,7,量比>=0.8
002628,成都路桥,基础建设,1,4.8,0.0,1.67,1.38,0.67,4.87,False,False,False,False,4,7,"振幅>3%,换手率>2%,量比>=0.8"
002852,道道全,农产品加,1,8.08,0.25,3.85,3.01,0.52,7.9,True,True,True,False,6,7,量比>=0.8
000592,平潭发展,林业Ⅱ,1,6.19,0.16,4.37,4.93,0.65,6.36,False,False,False,False,6,7,量比>=0.8
601233,桐昆股份,炼化及贸,1,23.64,-0.3,7.04,1.5,0.84,23.37,True,True,True,False,6,7,换手率>2%
603093,南华期货,多元金融,1,12.29,6.41,11.0,5.71,4.53,12.01,True,False,True,False,7,7,
603319,美湖股份,汽车零部,1,26.77,2.14,4.62,3.96,0.89,25.88,True,False,True,False,7,7,
603688,石英股份,非金属材,1,46.87,0.36,4.05,1.84,0.86,47.17,False,False,False,False,6,7,换手率>2%
001309,德明利,半导体,1,390.69,-1.6,3.21,5.24,0.63,397.38,False,False,False,False,5,7,"价格2-50元,量比>=0.8"
688368,晶丰明源,半导体,1,116.9,-1.13,6.66,2.82,0.82,120.57,False,False,False,False,6,7,价格2-50元
600345,长江通信,通信设备,1,47.33,-1.4,3.92,5.32,1.27,45.91,True,True,True,False,7,7,
605288,凯迪股份,自动化设,1,57.4,2.52,4.98,1.87,1.12,59.01,False,False,False,False,5,7,"价格2-50元,换手率>2%"
002366,融发核电,其他电源,1,5.67,1.43,2.15,1.03,0.58,6.01,False,False,False,False,4,7,"振幅>3%,换手率>2%,量比>=0.8"
301630,同宇新材,电子化学,1,164.01,1.28,6.63,5.44,1.01,165.58,False,False,True,False,6,7,价格2-50元
605277,新亚电子,消费电子,1,15.17,4.55,6.2,1.84,1.59,14.98,True,False,True,False,6,7,换手率>2%
600468,百利电气,电网设备,1,5.97,1.7,3.24,1.56,1.06,6.13,False,False,False,False,6,7,换手率>2%
688185,康希诺,生物制品,1,71.35,-5.5,7.68,11.77,1.31,57.09,True,True,True,False,5,7,"涨幅-5%到10%,价格2-50元"
605169,洪通燃气,燃气Ⅱ,1,11.28,4.54,6.21,2.05,0.88,10.32,True,True,True,False,7,7,
002963,豪尔赛,装修装饰,2,20.32,10.02,10.88,7.36,2.05,17.23,True,False,True,False,6,7,涨幅-5%到10%
000536,华映科技,光学光电,1,3.26,3.16,5.38,1.66,1.34,3.25,True,False,False,False,6,7,换手率>2%
600604,市北高新,房地产开,1,4.64,-6.07,7.09,4.25,2.28,4.59,True,False,True,False,6,7,涨幅-5%到10%
601038,一拖股份,专用设备,1,13.03,0.77,3.4,0.85,0.87,13.28,False,False,False,False,6,7,换手率>2%
605162,新中港,电力,1,9.0,0.9,7.62,6.23,0.87,8.88,True,False,False,False,7,7,
603392,万泰生物,医疗器械,1,28.1,0.04,2.88,0.73,0.89,29.92,False,False,True,False,5,7,"振幅>3%,换手率>2%"
002047,宝鹰股份,装修装饰,1,3.3,2.8,5.92,3.02,0.66,3.37,False,False,False,False,6,7,量比>=0.8
000428,华天酒店,酒店餐饮,2,4.32,9.92,8.14,1.78,0.57,4.14,True,False,False,False,5,7,"换手率>2%,量比>=0.8"
600272,开开实业,医药商业,1,19.18,5.67,18.18,35.28,1.27,15.04,True,True,True,False,7,7,
603979,金诚信,工业金属,1,73.37,-1.3,3.91,1.05,0.9,75.3,False,False,True,False,5,7,"价格2-50元,换手率>2%"
000997,新 大 陆,计算机设,1,18.81,2.67,3.82,2.33,1.29,18.3,True,False,True,False,7,7,
603121,华培动力,汽车零部,1,12.57,2.7,4.58,1.02,0.96,12.11,True,False,False,False,6,7,换手率>2%
600362,江西铜业,工业金属,1,44.15,-3.92,4.74,2.61,0.99,45.35,False,False,False,False,7,7,
603200,上海洗霸,环境治理,1,38.81,-0.82,11.86,11.37,6.49,37.18,True,False,True,False,7,7,
301177,迪阿股份,饰品,1,23.94,-2.64,6.71,1.14,1.71,23.09,True,True,True,False,6,7,换手率>2%
601212,白银有色,工业金属,1,6.58,-1.79,10.15,9.3,3.41,5.57,True,True,True,False,7,7,
002094,青岛金王,家居用品,2,5.14,10.06,11.13,5.41,2.81,4.73,True,False,True,False,6,7,涨幅-5%到10%
603106,恒银科技,计算机设,1,7.45,-2.36,3.28,4.35,0.68,8.22,False,False,False,False,6,7,量比>=0.8
603083,剑桥科技,通信设备,1,173.5,-0.85,5.74,6.3,0.73,160.65,True,False,False,False,5,7,"价格2-50元,量比>=0.8"
000533,顺钠股份,电网设备,1,10.55,-0.28,2.93,4.59,0.6,11.69,False,False,False,False,5,7,"振幅>3%,量比>=0.8"
603118,共进股份,通信设备,1,16.25,1.5,6.81,12.99,0.69,15.84,True,False,False,False,6,7,量比>=0.8
001268,联合精密,家电零部,1,22.32,-0.45,11.28,14.72,4.2,19.55,True,True,True,False,7,7,
001258,立新能源,电力,1,12.29,-2.23,7.16,11.84,0.95,13.27,False,False,False,False,7,7,
603615,茶花股份,家居用品,1,16.92,3.05,4.87,1.24,0.92,16.4,True,False,False,False,6,7,换手率>2%
